patient_id,age_years,sex,hemoglobin,RBC,hematocrit,MCV,MCH,MCHC,RDW,platelets,WBC,reticulocytes,ferritin,serum_iron,transferrin,TIBC,UIBC,TSAT,sTfR,Ret_He,vitamin_B12,active_B12,MMA,homocysteine,folate,vitamin_B6,copper,ceruloplasmin,CRP,ESR,creatinine,eGFR,TSH,albumin,LDH,indirect_bilirubin,haptoglobin,anemia,iron_deficiency,B12_deficiency,folate_deficiency,B6_deficiency,copper_deficiency,inflammation_anemia,mixed_deficiency,anemia_class,deficiency_cause
P000001,64,M,139.6,4.99,41.8,83.3,28.0,332.5,13.3,297,7.8,,,,,,,,,32.8,257,32.8,0.373,22.8,3.9,,,,1.5,19,85,78,,,150,,,0,0,1,0,0,0,0,0,B12_deficiency_no_anemia,B12_deficiency
P000002,52,F,122.3,3.87,35.5,90.0,31.6,343.7,19.8,234,4.58,1.6,,20.1,2.06,56.6,36.5,35.5,,,,,,,,,,,1.2,,65,114,8.46,,,,,0,0,0,1,0,0,0,0,folate_deficiency_no_anemia,folate_deficiency
P000003,43,F,144.9,5.2,44.6,86.1,27.9,329.2,14.7,288,8.31,,37.6,8.0,3.06,80.5,72.5,9.9,5.3,25.9,579,90.1,0.153,,,56.1,13.0,,,,,,,,,,0.87,0,1,0,0,0,0,0,0,latent_deficiency,iron_deficiency
P000004,26,F,121.7,4.46,39.0,86.9,27.3,316.2,16.7,386,5.79,,107.0,,,,,,,,117,14.2,,31.7,,,,,,3,66,110,1.87,,,,,0,0,1,0,0,0,0,0,B12_deficiency_no_anemia,B12_deficiency
P000005,30,F,111.5,2.98,32.5,109.1,37.5,341.6,19.7,281,6.36,,150.2,,,,,,,31.5,157,,0.447,,6.7,,,,1.0,,78,108,2.54,43.2,500,29.9,,1,0,1,0,0,0,0,0,B12_deficiency_anemia,B12_deficiency
P000006,46,F,97.6,3.13,27.9,88.9,31.2,347.8,13.5,288,6.35,0.7,,,,,,,,,403,,,,8.5,,,,,,187,51,1.5,,,6.9,2.08,1,0,0,0,0,0,0,0,anemia_other,undetermined
P000007,18,M,118.5,4.44,38.2,85.9,26.7,312.2,15.1,248,10.5,1.4,310.7,9.6,1.53,50.0,40.4,19.2,,,221,63.6,,,15.0,,,,13.4,33,,,,33.8,,,,1,0,0,0,0,0,1,0,inflammation_anemia,inflammation
P000008,49,F,90.1,2.59,28.4,109.5,34.8,314.9,16.2,177,5.72,0.8,40.2,14.2,2.99,60.5,46.3,23.5,,,,33.3,,,4.1,77.3,21.3,,2.3,20,,,,40.5,,,0.48,1,0,1,0,0,0,0,0,B12_deficiency_anemia,B12_deficiency
P000009,53,F,88.2,2.61,26.5,102.1,33.8,328.5,14.2,248,3.74,,,19.9,2.45,48.4,28.5,41.1,1.23,,201,38.7,0.515,15.8,6.2,,20.6,,,11,73,100,,44.5,,,0.57,1,0,1,0,0,0,0,0,B12_deficiency_anemia,B12_deficiency
P000010,51,F,136.6,5.07,43.6,84.7,26.9,314.1,14.1,244,4.69,,6.6,3.8,3.54,87.2,83.4,4.4,,,575,,,,12.6,,,,1.2,2,79,87,,44.2,,3.6,1.66,0,1,0,0,0,0,0,0,latent_deficiency,iron_deficiency
P000011,46,F,79.8,3.5,26.5,75.3,22.8,298.5,26.0,276,5.81,0.9,7.7,7.9,3.44,86.9,79.0,9.1,,,,,0.176,,9.6,55.0,,,,3,77,102,1.41,41.9,252,6.3,,1,1,0,0,0,0,0,0,iron_deficiency_anemia,iron_deficiency
P000012,40,F,141.0,4.13,41.0,99.4,34.1,340.8,13.7,340,5.45,0.5,,,,,,,,,,,0.243,,6.6,65.4,,,,2,,,,39.8,,,,0,0,0,0,0,0,0,0,no_anemia_no_deficiency,none
P000013,28,F,74.9,2.76,26.3,94.9,27.1,283.2,19.0,271,3.2,1.2,35.1,,,,,,4.43,,,,0.593,29.2,8.3,,,,,6,70,103,1.2,43.6,433,7.0,,1,1,1,0,0,0,0,1,mixed_deficiency,iron_B12
P000014,78,F,105.1,4.11,33.3,81.7,25.5,316.4,12.2,423,6.52,,282.6,5.2,2.08,38.5,33.3,13.5,,,494,,,,,,,0.35,45.0,41,,,2.4,37.1,294,,1.95,1,0,0,0,0,0,1,0,inflammation_anemia,inflammation
P000015,72,F,110.6,3.28,33.1,101.0,33.8,337.7,16.1,93,4.84,1.0,181.2,,,,,,,,780,,,,2.9,92.9,,,0.6,5,66,107,3.27,46.1,,4.9,,1,0,0,1,0,0,0,0,folate_deficiency_anemia,folate_deficiency
P000016,31,F,135.7,4.97,43.3,87.3,27.3,308.9,14.8,235,5.86,,12.6,,,,,,,,,87.4,,,,,,,,,76,112,,,,,,0,1,0,0,0,0,0,0,latent_deficiency,iron_deficiency
P000017,73,F,112.3,3.01,34.0,113.8,37.3,330.5,13.4,111,4.71,0.8,73.2,12.5,2.51,59.8,47.3,20.9,,,187,21.6,0.686,27.9,15.0,,,,0.5,,80,84,0.4,43.7,399,28.8,0.53,1,0,1,0,0,0,0,0,B12_deficiency_anemia,B12_deficiency
P000018,46,M,105.8,3.98,33.3,83.7,26.6,318.1,17.8,341,5.98,1.0,27.1,6.9,3.11,65.1,58.2,10.6,4.71,,363,,,,3.5,25.4,,,1.3,5,63,125,3.31,38.2,,,1.63,1,1,0,1,0,0,0,1,mixed_deficiency,iron_folate
P000019,68,F,135.6,5.0,43.8,87.2,27.1,311.3,13.9,173,9.87,,6.4,8.5,3.56,73.2,64.7,11.6,,,,,,,,,,,0.9,2,,,2.62,40.5,,3.3,,0,1,0,0,0,0,0,0,latent_deficiency,iron_deficiency
P000020,31,F,78.9,2.65,25.1,95.9,29.8,316.9,21.2,393,6.22,0.8,19.0,9.4,2.34,76.0,66.6,12.4,,,,,,,3.3,,,,3.4,5,67,114,1.49,41.8,264,,1.55,1,1,0,1,0,0,0,1,mixed_deficiency,iron_folate
P000021,49,M,140.8,4.54,39.7,87.8,31.0,349.9,11.8,182,7.53,1.4,,,,,,,,34.7,,,,12.4,,,,,,,82,90,,,,,,0,0,0,0,0,0,0,0,no_anemia_no_deficiency,none
P000022,61,M,101.1,3.51,32.8,93.2,28.8,312.5,13.7,283,5.51,1.1,,,,,,,,,,,,,,,,,,9,143,29,2.37,44.4,,,,1,0,0,0,0,0,0,0,anemia_other,undetermined
P000023,85,M,134.6,3.67,38.4,104.4,36.7,349.6,13.2,292,5.89,,,15.2,2.71,64.5,49.3,23.6,,,478,,,25.4,1.8,,,,2.7,,82,68,0.79,,,,,0,0,0,1,0,0,0,0,folate_deficiency_no_anemia,folate_deficiency
P000024,75,M,115.2,4.25,36.8,86.1,27.1,311.8,19.5,313,3.93,1.2,36.9,13.5,2.67,71.0,57.5,19.0,,24.5,216,21.1,0.508,,7.7,,,,5.3,,98,58,1.4,,,23.5,1.05,1,1,1,0,0,0,0,1,mixed_deficiency,iron_B12
P000025,22,F,110.5,3.92,35.2,90.0,28.2,314.0,13.5,252,2.88,1.5,,19.4,3.03,70.4,51.0,27.6,1.5,,220,90.2,,11.6,,,,,2.8,4,68,103,,44.8,,13.5,,1,0,0,0,0,0,0,0,anemia_other,undetermined
P000026,78,M,150.5,5.93,48.5,81.5,25.4,307.8,17.2,417,7.29,1.8,18.7,,,,,,4.04,,615,,,,,70.1,,,,,,,,,168,,1.41,0,1,0,0,0,0,0,0,latent_deficiency,iron_deficiency
P000027,38,F,125.7,4.66,37.7,80.8,26.9,327.9,13.8,262,7.76,,10.3,10.2,3.56,89.1,78.9,11.4,,,465,,0.134,,,80.8,,,1.5,9,,,,,177,,,0,1,0,0,0,0,0,0,latent_deficiency,iron_deficiency
P000028,36,F,105.4,2.99,29.4,98.3,35.2,349.8,20.8,203,4.3,1.1,149.1,,,,,,,31.6,269,,0.352,,,,,,12.5,,71,107,,41.3,516,21.8,0.47,1,0,1,0,0,0,0,0,B12_deficiency_anemia,B12_deficiency
P000029,90,F,132.8,5.33,41.7,78.8,24.9,322.2,17.4,217,7.38,,6.5,7.2,4.22,78.9,71.7,9.1,,,721,,,7.4,,,,,,,71,81,1.79,,,,2.09,0,1,0,0,0,0,0,0,latent_deficiency,iron_deficiency
P000030,80,F,69.2,3.28,20.5,62.1,21.1,328.8,17.5,272,8.99,0.7,6.8,5.7,4.33,84.3,78.6,6.8,,,,,,,,,,0.22,,5,,,2.99,,186,,,1,1,0,0,0,0,0,0,iron_deficiency_anemia,iron_deficiency
P000031,45,M,67.9,3.16,22.7,72.9,21.5,301.5,30.2,408,9.36,0.5,9.1,3.9,2.99,84.8,80.9,4.6,,,950,,,,,79.0,13.2,,0.7,18,,,2.01,46.5,247,12.5,1.69,1,1,0,0,0,0,0,0,iron_deficiency_anemia,iron_deficiency
P000032,71,M,126.0,4.35,39.3,89.1,28.9,321.6,14.2,326,5.21,1.5,23.6,8.4,2.47,83.4,75.0,10.1,,,,,,,5.7,,,,,,,,1.82,41.2,,14.9,1.01,1,1,0,0,0,0,0,0,iron_deficiency_anemia,iron_deficiency
P000033,86,M,138.1,4.14,44.0,106.8,33.4,316.3,16.1,250,5.46,1.0,,,,,,,,30.8,,,,23.2,2.1,68.0,,,,14,,,,,201,9.3,,0,0,0,1,0,0,0,0,folate_deficiency_no_anemia,folate_deficiency
P000034,48,F,85.3,2.93,26.2,89.4,29.2,329.0,16.4,332,3.67,,75.8,27.4,2.84,69.5,42.1,39.4,,,,75.0,,,5.9,,,,2.1,,71,110,5.2,,204,7.6,,1,0,0,0,0,0,0,0,anemia_other,undetermined
P000035,80,M,96.7,3.11,30.0,96.6,31.1,327.8,13.6,371,7.15,1.7,109.2,26.5,2.64,67.7,41.2,39.1,,,462,,0.201,,10.1,,,0.21,1.4,12,263,24,,41.7,,,2.01,1,0,0,0,0,0,0,0,anemia_other,undetermined
P000036,44,M,138.1,4.47,40.0,89.8,30.9,341.5,14.7,261,7.65,,41.3,,,,,,,,,90.8,0.217,9.2,,,,,,3,95,90,2.53,44.3,127,,,0,0,0,0,0,0,0,0,no_anemia_no_deficiency,none
P000037,49,F,96.0,2.79,30.8,108.5,34.4,319.0,14.8,240,8.11,1.6,,16.4,2.75,68.1,51.7,24.1,,,,,,31.5,1.8,,,,6.1,,,,2.46,44.7,,,,1,0,0,1,0,0,0,0,folate_deficiency_anemia,folate_deficiency
P000038,45,F,136.1,4.1,41.3,100.4,33.2,331.7,14.3,231,6.1,,33.7,17.1,2.11,63.1,46.0,27.1,2.01,,,,,17.7,1.4,,,,1.8,2,,,1.5,38.1,,,1.49,0,0,0,1,0,0,0,0,folate_deficiency_no_anemia,folate_deficiency
P000039,41,F,108.8,4.01,34.3,85.3,27.1,314.6,15.9,638,4.78,1.4,320.6,6.2,1.84,47.9,41.7,12.9,,28.3,522,,,,,,,,,,63,118,2.51,27.3,212,7.7,,1,0,0,0,0,0,1,0,inflammation_anemia,inflammation
P000040,73,F,108.8,2.74,33.1,121.2,39.7,329.3,18.5,212,6.94,0.7,,14.0,2.35,65.6,51.6,21.3,1.42,,178,,,24.5,,,,0.36,4.4,5,,,2.88,,484,29.2,0.39,1,0,1,0,0,0,0,0,B12_deficiency_anemia,B12_deficiency
P000041,38,F,104.1,4.92,33.8,68.4,21.1,304.9,21.9,241,3.32,,13.6,10.9,3.45,92.0,81.1,11.8,,,700,,,,10.0,,,,2.9,,84,95,1.5,44.2,,,,1,1,0,0,0,0,0,0,iron_deficiency_anemia,iron_deficiency
P000042,48,F,104.5,3.53,32.8,93.1,29.6,318.0,17.5,136,3.91,0.8,,,,,,,2.25,,277,18.9,0.367,18.6,12.7,,,,1.0,,,,2.99,42.9,,20.0,0.35,1,0,1,0,0,0,0,0,B12_deficiency_anemia,B12_deficiency
P000043,73,M,117.9,4.74,34.9,73.5,24.9,335.0,16.5,381,6.19,,6.0,8.4,3.04,87.8,79.4,9.6,,,,71.9,,,,,,0.26,2.8,11,,,1.87,,,,,1,1,0,0,0,0,0,0,iron_deficiency_anemia,iron_deficiency
P000044,47,F,72.1,3.21,25.8,80.8,22.5,283.6,17.8,290,7.08,1.8,20.8,3.8,3.42,77.7,73.9,4.9,,,312,,,,,40.8,,,2.6,13,,,3.12,39.5,,,,1,1,0,0,0,0,0,0,iron_deficiency_anemia,iron_deficiency
P000045,84,F,128.7,5.13,41.1,79.7,25.1,312.0,14.3,149,6.89,,9.0,7.6,2.99,70.7,63.1,10.7,,,,59.6,,13.0,,,,,,13,,,4.09,,,,,0,1,0,0,0,0,0,0,latent_deficiency,iron_deficiency
P000046,22,M,92.8,3.28,28.9,88.2,28.3,323.0,15.1,320,2.79,0.9,26.0,5.1,2.92,76.8,71.7,6.6,2.57,23.7,91,,,,13.5,,,,0.2,7,93,93,0.96,45.8,456,,1.22,1,1,1,0,0,0,0,1,mixed_deficiency,iron_B12
P000047,70,M,115.6,4.03,36.3,90.3,28.7,320.1,19.9,356,5.66,1.0,22.8,9.9,3.75,78.7,68.8,12.6,,20.1,,,,21.9,2.0,,,0.21,1.6,,77,86,,39.5,,6.7,1.16,1,1,0,1,0,0,0,1,mixed_deficiency,iron_folate
P000048,51,F,104.8,3.64,32.7,90.3,28.8,320.6,16.0,453,9.0,1.4,,7.2,2.24,47.5,40.3,15.2,,,462,,,,15.1,,,,13.0,22,82,99,,,,,1.03,1,0,0,0,0,0,1,0,inflammation_anemia,inflammation
P000049,61,M,122.6,3.47,38.4,109.9,35.3,319.5,17.4,269,4.21,1.4,138.1,24.5,2.78,64.6,40.1,37.9,,,456,,,,2.2,,,,2.0,,104,70,,39.6,263,,1.33,1,0,0,1,0,0,0,0,folate_deficiency_anemia,folate_deficiency
P000050,44,F,147.6,4.74,45.3,95.9,31.1,330.5,13.0,268,5.57,0.8,108.0,,,,,,,31.5,,,,,,,,,2.2,,81,101,,,111,,1.64,0,0,0,0,0,0,0,0,no_anemia_no_deficiency,none
P000051,70,M,108.7,3.45,35.9,104.2,31.5,309.1,16.4,248,6.59,,,11.6,2.24,59.3,47.7,19.6,1.86,,,,,,15.6,,,,2.5,19,90,88,2.52,40.1,292,32.6,0.55,1,0,1,0,0,0,0,0,B12_deficiency_anemia,B12_deficiency
P000052,50,F,90.4,2.56,28.0,109.0,35.3,320.8,13.5,182,7.85,,72.8,,,,,,1.65,,119,,0.765,36.5,7.4,,,,,23,89,86,1.72,36.1,,23.8,0.54,1,0,1,0,0,0,0,0,B12_deficiency_anemia,B12_deficiency
P000053,78,F,121.4,3.88,37.7,97.4,31.3,323.4,17.4,278,3.02,,141.6,28.0,3.08,81.8,53.8,34.2,,35.9,715,,,9.4,11.7,,9.8,,,16,87,78,,,,,,0,0,0,0,0,1,0,0,copper_deficiency,copper_deficiency
P000054,40,M,134.2,5.42,43.1,78.5,24.7,310.7,12.5,316,3.66,,100.9,14.2,2.55,60.3,46.1,23.5,,,518,54.9,,13.8,,,9.2,0.12,5.4,2,80,96,2.05,,,,,0,0,0,0,0,1,0,0,copper_deficiency,copper_deficiency
P000055,82,F,107.8,3.58,32.6,91.4,30.1,332.9,18.5,240,5.44,,101.0,,,,,,1.54,,298,42.6,,,8.9,,,0.31,1.0,,91,70,,45.6,346,18.0,0.7,1,0,1,0,0,0,0,0,B12_deficiency_anemia,B12_deficiency
P000056,93,M,94.3,3.0,30.6,102.4,31.4,310.3,17.6,190,3.58,,59.6,,,,,,1.05,,323,92.3,,27.4,2.8,,,,,14,101,54,2.45,40.1,,,1.8,1,0,0,1,0,0,0,0,folate_deficiency_anemia,folate_deficiency
P000057,81,M,106.3,3.46,31.2,90.1,30.7,333.8,14.1,367,6.74,1.2,82.1,,,,,,,,354,,,12.8,4.1,,,,,5,249,46,,,197,,,1,0,0,0,0,0,0,0,anemia_other,undetermined
P000058,64,F,100.8,3.74,31.4,83.4,26.9,324.2,16.3,237,5.7,1.2,191.2,23.7,2.93,60.8,37.1,39.0,,,272,,,,,,,0.35,2.1,10,79,82,1.51,,,,,1,0,0,0,0,0,0,0,anemia_other,undetermined
P000059,69,F,96.6,3.1,28.5,91.8,31.2,336.9,13.2,203,5.48,1.8,114.3,24.3,1.99,71.9,47.6,33.8,,29.1,318,56.6,,9.9,4.0,,,,0.4,,185,31,,43.2,192,5.4,,1,0,0,0,0,0,0,0,anemia_other,undetermined
P000060,45,F,89.7,2.92,27.4,93.4,30.7,326.4,14.9,331,7.06,,158.2,22.4,2.05,64.8,42.4,34.6,1.5,29.4,,,,,4.4,,,,2.6,8,62,112,1.26,,173,11.7,1.91,1,0,0,0,0,0,0,0,anemia_other,undetermined
P000061,73,M,143.9,4.9,43.4,89.6,29.3,326.2,11.4,222,7.0,1.1,,,,,,,1.15,,950,,,,,,,,1.3,7,106,59,,42.9,,,,0,0,0,0,0,0,0,0,no_anemia_no_deficiency,none
P000062,44,F,135.6,4.55,41.2,90.8,29.8,324.5,14.9,242,6.36,1.7,,,,,,,,,,23.5,,,7.0,,,,0.7,15,,,,46.6,,,1.61,0,0,1,0,0,0,0,0,B12_deficiency_no_anemia,B12_deficiency
P000063,68,F,100.7,2.74,31.0,113.3,36.7,322.8,14.0,373,5.68,,,18.8,2.6,64.2,45.4,29.3,,29.1,442,113.7,,26.0,1.4,,,,0.3,11,70,92,1.86,45.7,286,,,1,0,0,1,0,0,0,0,folate_deficiency_anemia,folate_deficiency
P000064,43,F,68.4,3.71,22.7,61.6,18.4,308.9,20.5,230,3.3,,12.4,12.3,3.21,93.6,81.3,13.1,,,,,,13.0,,,,,9.6,,,,1.3,42.4,,,,1,1,0,0,0,0,0,0,iron_deficiency_anemia,iron_deficiency
P000065,42,F,109.0,3.52,34.4,97.4,31.0,320.0,13.3,394,4.86,,,,,,,,,,307,67.4,0.181,10.0,,,7.8,0.15,,4,81,102,1.11,46.3,,,1.66,1,0,0,0,0,1,0,0,copper_deficiency,copper_deficiency
P000066,80,F,121.4,3.9,35.5,91.2,31.1,344.7,17.8,222,5.07,1.2,108.3,,,,,,,,,,,23.5,2.1,,,,,9,,,1.03,45.7,,,,0,0,0,1,0,0,0,0,folate_deficiency_no_anemia,folate_deficiency
P000067,70,F,86.6,3.19,26.6,83.2,27.2,323.8,17.5,248,13.75,,9.7,8.8,3.67,90.8,82.0,9.7,,,,,,10.4,,,,,1.1,,89,87,1.57,40.8,243,,,1,1,0,0,0,0,0,0,iron_deficiency_anemia,iron_deficiency
P000068,73,F,96.1,3.74,31.3,83.6,25.7,309.7,21.5,356,6.05,,,10.5,2.71,101.6,91.1,10.3,,,92,30.8,,,,,22.2,,,20,86,74,,,437,,0.36,1,1,1,0,0,0,0,1,mixed_deficiency,iron_B12
P000069,66,F,112.6,3.75,33.6,89.4,30.0,333.9,14.4,219,11.48,1.5,250.4,8.8,2.33,53.7,44.9,16.4,,27.2,,,,14.9,9.8,,,,15.4,12,49,125,,30.7,,,,1,0,0,0,0,0,1,0,inflammation_anemia,inflammation
P000070,28,F,139.1,5.06,43.1,85.6,27.5,323.6,15.2,353,7.44,,12.1,7.3,2.95,71.3,64.0,10.2,2.79,,,,,,,,,,,,58,122,,,276,,,0,1,0,0,0,0,0,0,latent_deficiency,iron_deficiency
P000071,58,F,92.7,3.92,31.9,82.0,23.7,292.2,21.7,205,6.32,,3.8,3.8,3.09,87.6,83.8,4.3,,,331,84.5,,,,,,0.33,1.1,4,,,1.69,36.2,,,,1,1,0,0,0,0,0,0,iron_deficiency_anemia,iron_deficiency
P000072,51,F,134.0,4.31,38.7,89.9,31.1,343.6,13.3,208,10.14,,117.2,,,,,,,32.5,,,0.157,,,,,,,6,86,89,0.81,,,4.6,,0,0,0,0,0,0,0,0,no_anemia_no_deficiency,none
P000073,19,F,113.9,2.8,34.7,123.2,40.7,324.5,16.7,360,3.07,0.9,,18.7,3.05,63.6,44.9,29.4,,,127,,,,2.0,41.7,,,,2,67,122,,39.0,465,15.8,0.53,1,0,1,1,0,0,0,1,mixed_deficiency,B12_folate
P000074,70,F,151.9,5.6,48.7,87.1,27.1,311.7,13.9,202,7.05,,10.3,7.8,3.38,76.8,69.0,10.2,,26.2,,,,,6.1,,,,,,,,1.89,40.5,,,1.61,0,1,0,0,0,0,0,0,latent_deficiency,iron_deficiency
P000075,50,M,87.0,2.39,26.4,111.6,36.4,334.6,13.1,192,5.36,,111.7,28.2,2.23,79.5,51.3,35.5,,36.4,178,,1.011,,,,,,12.4,,67,108,,44.0,508,27.3,0.76,1,0,1,0,0,0,0,0,B12_deficiency_anemia,B12_deficiency
P000076,32,F,85.4,2.77,24.5,87.5,30.9,345.0,16.0,220,10.92,,34.5,12.0,2.83,85.8,73.8,14.0,,23.2,523,,,,15.9,,,,,2,73,99,,44.2,,,0.82,1,1,0,0,0,0,0,0,iron_deficiency_anemia,iron_deficiency
P000077,49,F,142.4,5.44,44.1,82.0,26.2,318.7,16.7,367,6.32,1.7,6.4,8.5,3.16,75.8,67.3,11.2,4.21,,,,,,4.2,,,,,,,,,40.2,,,,0,1,0,0,0,0,0,0,latent_deficiency,iron_deficiency
P000078,83,M,157.5,5.47,47.7,87.7,28.8,325.4,12.0,186,10.01,0.8,,15.9,2.76,67.8,51.9,23.5,1.93,34.6,268,,0.133,10.8,,,,,1.2,,,,1.26,,,,,0,0,0,0,0,0,0,0,no_anemia_no_deficiency,none
P000079,85,M,89.6,3.3,28.0,85.1,27.1,316.5,18.6,302,3.89,0.7,9.7,3.6,2.75,85.0,81.4,4.2,,23.4,103,29.0,0.515,,3.8,,,0.22,3.1,11,82,74,,,292,,0.95,1,1,1,0,0,0,0,1,mixed_deficiency,iron_B12
P000080,19,F,98.9,4.22,33.1,78.3,23.4,301.9,18.6,232,5.29,0.4,33.9,14.0,2.29,74.7,60.7,18.7,,24.9,,68.0,,,,,,,2.9,3,,,3.11,37.0,,,,1,1,0,0,0,0,0,0,iron_deficiency_anemia,iron_deficiency
P000081,50,F,106.2,3.84,32.3,84.0,27.7,326.8,22.4,382,8.76,,15.6,4.8,2.79,89.5,84.7,5.4,,,714,111.9,,,,,,,2.1,13,,,0.97,,,,,1,1,0,0,0,0,0,0,iron_deficiency_anemia,iron_deficiency
P000082,38,F,91.9,3.31,29.1,88.6,27.8,313.9,19.8,172,5.1,1.0,5.4,4.3,2.59,81.4,77.1,5.3,,,458,,,,2.4,,,,,8,81,101,0.72,38.6,,4.0,,1,1,0,1,0,0,0,1,mixed_deficiency,iron_folate
P000083,60,M,99.2,3.36,31.5,93.3,29.5,314.0,23.8,294,4.24,,,6.5,3.71,91.1,84.6,7.1,4.83,,167,,,,,,,,1.0,10,76,94,,37.4,223,7.1,0.77,1,1,1,0,0,0,0,1,mixed_deficiency,iron_B12
P000084,30,F,116.2,4.37,35.7,81.2,26.6,321.4,14.3,261,8.04,1.9,,22.4,2.61,61.2,38.8,36.6,1.7,34.8,362,,,8.8,,61.5,,,0.5,,62,116,,,,3.7,,1,0,0,0,0,0,0,0,anemia_other,undetermined
P000085,64,M,104.0,3.85,32.4,84.2,27.0,314.5,12.8,407,9.33,,,,,,,,,,,,,,11.3,,,,180.0,,,,6.49,39.0,,11.4,0.92,1,0,0,0,0,0,1,0,inflammation_anemia,inflammation
P000086,65,F,131.4,4.45,40.1,89.6,29.5,331.0,13.7,170,5.92,,60.5,,,,,,,,,,,,4.8,,,,,,63,100,,,,,,0,0,0,1,0,0,0,0,folate_deficiency_no_anemia,folate_deficiency
P000087,76,F,93.0,3.89,32.0,82.4,23.9,293.4,20.3,144,3.67,,18.8,10.7,3.33,90.2,79.5,11.9,4.11,26.0,92,17.3,,20.1,,,,,1.3,10,67,101,,,249,22.5,1.18,1,1,1,0,0,0,0,1,mixed_deficiency,iron_B12
P000088,87,F,87.9,3.11,27.3,88.5,28.3,319.2,14.0,279,4.78,1.5,75.9,,,,,,,,301,44.3,0.219,10.2,14.3,,,,2.4,2,233,20,,42.5,,2.3,,1,0,0,0,0,0,0,0,anemia_other,undetermined
P000089,44,F,92.0,5.21,34.1,64.8,17.6,272.3,17.1,314,9.97,,5.3,6.8,3.37,77.4,70.6,8.8,,,526,,,,,,,,10.9,,79,106,,38.8,,,,1,1,0,0,0,0,0,0,iron_deficiency_anemia,iron_deficiency
P000090,65,F,140.8,4.52,42.4,93.6,31.2,331.6,13.0,257,6.57,,35.9,,,,,,,,,,,,7.3,,,,,,,,,,,,,0,1,0,0,0,0,0,0,latent_deficiency,iron_deficiency
P000091,46,F,102.0,3.98,32.6,81.1,25.6,307.9,17.6,407,11.48,1.2,81.2,3.8,2.21,43.2,39.4,8.8,,,,129.7,0.151,,15.2,,,,20.6,12,,,,32.7,,11.5,,1,0,0,0,0,0,1,0,inflammation_anemia,inflammation
P000092,38,F,136.7,4.57,41.5,90.9,29.9,329.7,13.1,344,6.67,,,17.1,2.57,56.5,39.4,30.3,,,,,,17.9,4.6,,,,,,79,99,8.36,34.6,,,,0,0,0,1,0,0,0,0,folate_deficiency_no_anemia,folate_deficiency
P000093,45,M,161.4,5.56,49.8,88.7,29.0,325.9,13.9,312,8.25,,,29.1,3.19,76.6,47.5,38.0,,,,89.2,,12.7,,,,,,,78,114,2.2,,225,,,0,0,0,0,0,0,0,0,no_anemia_no_deficiency,none
P000094,23,F,91.1,3.25,28.8,89.2,28.0,321.8,21.2,348,3.46,1.0,13.6,7.3,3.11,80.2,72.9,9.1,,24.9,292,,,28.7,2.8,,,,2.6,2,,,,37.7,,,1.91,1,1,0,1,0,0,0,1,mixed_deficiency,iron_folate
P000095,71,M,133.8,5.38,43.3,80.4,24.9,316.8,14.6,234,9.48,,,14.3,2.77,61.9,47.6,23.1,,,,86.3,,,4.4,10.2,,,,20,,,0.76,,,,,0,0,0,0,1,0,0,0,B6_deficiency,B6_deficiency
P000096,40,F,102.4,3.94,32.6,82.7,26.0,314.5,19.5,411,5.74,1.2,8.2,9.0,3.12,83.7,74.7,10.8,,26.2,161,,,24.4,,,,,,,77,99,,39.9,368,7.1,,1,1,1,0,0,0,0,1,mixed_deficiency,iron_B12
P000097,26,F,107.6,4.05,34.0,84.0,26.5,311.7,20.8,299,3.8,1.2,7.7,4.7,2.88,90.6,85.9,5.2,,,,,,,6.1,,,,,2,64,122,0.86,38.1,207,,1.39,1,1,0,0,0,0,0,0,iron_deficiency_anemia,iron_deficiency
P000098,24,F,138.2,5.37,43.5,80.9,25.7,316.1,15.9,395,4.26,,11.8,7.1,3.43,84.4,77.3,8.4,,,,72.9,,,,,,,,2,59,120,,39.1,,,,0,1,0,0,0,0,0,0,latent_deficiency,iron_deficiency
P000099,74,F,112.3,4.2,38.8,91.9,26.7,285.0,14.0,408,5.44,,33.9,,,,,,2.83,,,,,,,,20.6,,,,,,2.07,45.5,,,,1,1,0,0,0,0,0,0,iron_deficiency_anemia,iron_deficiency
P000100,77,F,87.0,3.49,29.3,84.0,24.9,305.9,18.3,326,10.01,,14.2,8.1,3.01,83.5,75.4,9.7,,24.8,563,96.8,,,,,,,1.2,,,,,44.0,208,,1.11,1,1,0,0,0,0,0,0,iron_deficiency_anemia,iron_deficiency
P000101,65,M,126.4,3.82,38.7,100.8,33.1,326.9,17.8,178,4.31,,76.3,25.4,2.76,64.2,38.8,39.6,1.46,,538,60.0,,,5.4,,6.5,0.13,0.8,10,67,95,,42.5,171,12.3,1.53,1,0,0,0,0,1,0,0,copper_deficiency,copper_deficiency
P000102,21,F,89.5,2.96,27.4,92.2,30.2,330.9,13.7,326,4.54,0.7,101.0,8.1,2.69,51.7,43.6,15.7,1.62,28.5,572,,,12.0,12.5,,,0.28,,12,60,125,,,,,,1,0,0,0,0,0,1,0,inflammation_anemia,inflammation
P000103,48,F,107.7,3.7,31.7,86.4,29.1,341.6,19.4,492,9.14,1.1,35.1,12.7,2.87,71.9,59.2,17.7,,22.7,352,,,,,,,,2.2,11,77,88,,41.5,,10.4,1.97,1,1,0,0,0,0,0,0,iron_deficiency_anemia,iron_deficiency
P000104,48,M,158.6,4.93,47.7,96.5,32.2,333.1,12.1,234,5.36,,102.3,24.0,2.58,76.6,52.6,31.3,,,,,,,4.3,,,,5.5,,,,,,,,,0,0,0,0,0,0,0,0,no_anemia_no_deficiency,none
P000105,76,F,80.7,2.3,24.4,107.5,35.1,324.8,18.6,254,2.23,,94.9,,,,,,,,,,0.993,32.7,,,,,4.2,14,70,74,0.81,,595,21.3,,1,0,1,0,0,0,0,0,B12_deficiency_anemia,B12_deficiency
P000106,41,F,127.5,4.03,40.0,98.8,31.6,318.5,17.1,278,2.98,,,,,,,,,,255,,,8.5,8.6,,7.4,0.09,,9,66,115,1.34,42.9,,,,0,0,0,0,0,1,0,0,copper_deficiency,copper_deficiency
P000107,79,F,87.7,2.65,26.8,101.9,33.1,332.3,14.1,112,4.8,,,,,,,,,,220,66.2,,,,,,0.15,,26,93,68,2.8,,244,7.8,,1,0,0,0,0,1,0,0,copper_deficiency,copper_deficiency
P000108,76,M,115.7,3.52,35.1,100.4,32.9,324.7,15.8,246,4.97,1.1,106.3,15.4,2.62,58.0,42.6,26.6,,,445,,,22.1,1.2,,,,1.2,11,67,99,,44.4,224,5.4,,1,0,0,1,0,0,0,0,folate_deficiency_anemia,folate_deficiency
P000109,44,M,137.6,4.62,40.7,88.5,29.8,340.3,12.9,281,6.51,,,,,,,,,,391,,,,,,,,,,85,98,,38.6,,,,0,0,0,0,0,0,0,0,no_anemia_no_deficiency,none
P000110,75,M,147.6,5.45,45.7,84.0,27.1,324.1,14.2,277,8.98,1.2,,,,,,,,,274,44.7,,,,,,,,,,,,,,,,0,0,0,0,0,0,0,0,no_anemia_no_deficiency,none
P000111,33,F,137.7,4.29,41.0,95.5,32.1,339.9,11.7,191,9.07,,,,,,,,,,333,111.7,,,,,,,,2,49,125,2.47,,,,,0,0,0,0,0,0,0,0,no_anemia_no_deficiency,none
P000112,45,F,93.5,3.04,29.8,97.7,30.8,315.1,20.1,163,5.09,0.6,47.2,,,,,,4.27,23.5,637,,,,13.9,,,,,9,64,119,1.7,43.0,246,,1.43,1,1,0,0,0,0,0,0,iron_deficiency_anemia,iron_deficiency
P000113,43,F,115.4,4.03,33.3,82.6,28.6,342.3,15.8,160,6.7,,32.4,13.8,2.41,82.6,68.8,16.7,3.21,25.9,,,0.168,,4.6,,,,,2,65,125,1.76,44.4,164,,,1,1,0,0,0,0,0,0,iron_deficiency_anemia,iron_deficiency
P000114,29,F,156.2,5.45,47.1,86.1,28.7,335.6,13.5,258,7.15,,86.7,19.1,2.27,67.7,48.6,28.2,,,,,,,14.0,,,,0.4,4,,,,,,,,0,0,0,0,0,0,0,0,no_anemia_no_deficiency,none
P000115,79,F,83.7,2.26,25.9,114.2,37.0,325.0,19.2,308,5.56,1.8,24.0,12.7,2.33,54.2,41.5,23.4,,,138,,1.28,32.2,9.1,,,0.19,5.8,27,100,76,1.72,35.8,356,9.5,0.72,1,0,1,0,0,0,0,0,B12_deficiency_anemia,B12_deficiency
P000116,67,F,103.7,3.65,32.4,89.2,28.4,324.8,17.2,274,7.21,,8.2,7.7,3.73,89.6,81.9,8.6,,21.3,96,,,39.4,9.5,,,,,23,87,77,1.36,44.1,373,7.8,0.31,1,1,1,0,0,0,0,1,mixed_deficiency,iron_B12
P000117,62,F,133.3,4.29,39.1,91.6,31.1,340.7,15.6,301,7.42,2.2,33.4,11.7,3.09,80.1,68.4,14.6,,24.6,319,63.7,,,10.1,,,,,25,71,98,,41.6,,,1.6,0,1,0,0,0,0,0,0,latent_deficiency,iron_deficiency
P000118,77,M,146.6,5.2,44.7,86.7,28.2,336.8,13.4,273,7.13,,71.8,,,,,,,,,,,,4.0,,,,0.7,10,88,76,,42.6,,,,0,0,0,0,0,0,0,0,no_anemia_no_deficiency,none
P000119,48,F,116.0,4.1,34.9,85.6,28.3,332.7,13.9,301,10.59,1.3,136.7,6.7,2.11,45.3,38.6,14.8,1.68,28.6,282,99.2,0.2,,4.1,,,,18.4,29,79,109,2.5,33.6,228,,,1,0,0,0,0,0,1,0,inflammation_anemia,inflammation
P000120,84,F,98.7,3.57,29.7,83.7,27.7,332.8,16.7,329,9.24,0.8,50.2,,,,,,,,428,113.1,0.138,,15.0,,,,1.5,,74,91,3.48,36.7,,6.3,1.81,1,0,0,0,1,0,0,0,B6_deficiency,B6_deficiency
P000121,68,F,142.1,4.95,43.5,88.6,28.7,325.3,13.0,347,5.97,,,26.1,2.51,69.4,43.3,37.6,,,,,0.136,,,,,,,,,,1.59,,,,1.87,0,0,0,0,0,0,0,0,no_anemia_no_deficiency,none
P000122,38,F,109.8,4.1,35.4,86.0,26.8,312.9,23.3,202,8.32,,7.8,9.6,3.38,71.7,62.1,13.4,,,97,33.0,,28.8,10.2,,,0.25,,3,56,125,,47.8,358,16.8,,1,1,1,0,0,0,0,1,mixed_deficiency,iron_B12
P000123,73,F,111.0,3.95,34.9,88.8,28.1,319.0,14.0,214,4.81,,,12.6,3.05,47.8,35.2,26.4,,29.9,388,85.0,,,7.2,,,,,8,109,40,,40.2,,3.7,1.86,1,0,0,0,0,0,0,0,anemia_other,undetermined
P000124,23,F,147.9,5.26,45.0,85.5,28.1,328.0,15.7,258,7.24,,7.5,9.7,4.18,95.9,86.2,10.1,,,539,,,,7.7,,,,,,,,3.43,46.0,,,2.03,0,1,0,0,0,0,0,0,latent_deficiency,iron_deficiency
P000125,51,M,89.0,4.89,28.5,58.0,18.2,311.5,23.1,357,6.47,,,2.9,3.93,83.3,80.4,3.5,,,,,,12.8,11.0,,,0.26,,4,,,0.8,45.4,,,,1,1,0,0,0,0,0,0,iron_deficiency_anemia,iron_deficiency
P000126,50,M,103.4,5.88,38.4,65.5,17.6,270.0,20.4,256,14.29,0.5,13.3,7.1,3.62,79.4,72.3,8.9,,24.0,220,,0.226,12.1,,,,,1.2,,98,82,1.01,47.2,286,9.8,2.02,1,1,0,0,0,0,0,0,iron_deficiency_anemia,iron_deficiency
P000127,72,F,104.1,3.67,32.0,87.7,28.4,321.5,12.3,296,5.35,,84.7,28.2,3.32,71.0,42.8,39.7,,,455,,0.191,9.1,5.0,,,0.37,,,185,41,1.34,39.6,199,,,1,0,0,0,0,0,0,0,anemia_other,undetermined
P000128,56,F,90.8,3.74,30.3,81.8,24.3,306.2,14.8,241,6.27,1.0,181.6,7.7,1.91,48.9,41.2,15.7,,26.5,631,,,,,,26.0,,,58,,,2.11,40.6,265,3.2,1.74,1,0,0,0,0,0,1,0,inflammation_anemia,inflammation
P000129,69,F,80.1,3.68,26.7,72.0,21.7,295.5,24.7,478,7.62,0.8,4.3,3.6,3.28,70.1,66.5,5.1,,,,113.6,,,14.3,,,0.29,1.5,,97,75,1.62,42.3,,,1.52,1,1,0,0,0,0,0,0,iron_deficiency_anemia,iron_deficiency
P000130,30,F,99.8,3.88,31.6,81.8,25.7,316.8,15.6,129,4.64,,28.5,8.3,3.16,74.8,66.5,11.1,,,207,65.3,,10.2,7.7,,,,,,62,121,,37.5,,12.1,1.74,1,1,0,0,0,0,0,0,iron_deficiency_anemia,iron_deficiency
P000131,62,F,96.5,3.95,31.8,80.1,24.4,303.4,15.8,398,3.54,,302.1,7.7,1.71,51.6,43.9,14.9,,28.4,,,0.211,,,,,,38.7,47,,,,36.0,226,,2.02,1,0,0,0,0,0,1,0,inflammation_anemia,inflammation
P000132,57,M,114.7,3.86,35.7,92.6,29.7,318.0,15.7,134,5.79,,106.6,,,,,,,,529,99.5,,,,,,0.15,,,63,113,1.96,41.5,241,,,1,0,0,0,0,1,0,0,copper_deficiency,copper_deficiency
P000133,46,F,125.9,3.81,38.6,102.4,33.1,323.9,19.1,271,5.87,,124.2,,,,,,,,201,39.8,,19.7,15.2,,,,1.4,6,78,103,0.38,44.5,,14.4,1.82,0,0,1,0,0,0,0,0,B12_deficiency_no_anemia,B12_deficiency
P000134,44,F,132.3,4.91,40.5,82.2,26.9,324.0,12.2,147,3.99,,,12.8,2.67,66.9,54.1,19.1,1.6,27.3,289,,0.175,,11.4,,,,,,94,78,4.09,42.3,,,1.28,0,0,0,0,0,0,0,0,no_anemia_no_deficiency,none
P000135,78,F,146.9,5.42,44.7,82.3,27.1,323.9,14.5,244,5.33,1.4,18.4,9.4,2.66,83.8,74.4,11.2,2.87,,325,,,,10.8,,,,1.3,,,,1.93,,,,0.81,0,1,0,0,0,0,0,0,latent_deficiency,iron_deficiency
P000136,64,M,147.1,4.77,43.5,91.1,30.8,337.5,13.5,268,6.24,,,18.9,2.09,59.1,40.2,32.0,1.65,,,,,,,,,,,13,72,103,1.96,,,,,0,0,0,0,0,0,0,0,no_anemia_no_deficiency,none
P000137,18,F,135.5,4.52,40.2,89.1,30.0,334.7,11.1,295,6.64,0.9,44.8,,,,,,,,263,,0.207,,4.3,,,0.22,,,78,98,1.15,,,,,0,0,0,0,0,0,0,0,no_anemia_no_deficiency,none
P000138,27,F,134.4,4.76,41.5,87.6,28.2,321.7,14.2,219,4.77,,74.1,,,,,,,33.9,,,,,10.0,,,,,,,,1.06,40.5,,,1.37,0,0,0,0,0,0,0,0,no_anemia_no_deficiency,none
P000139,66,F,110.3,4.25,35.0,82.4,25.9,315.3,12.5,462,7.83,,243.2,4.5,1.31,47.8,43.3,9.4,1.42,,,66.4,,12.1,3.9,,,,34.7,35,52,125,1.6,,258,,2.01,1,0,0,0,0,0,1,0,inflammation_anemia,inflammation
P000140,67,M,114.8,4.14,35.8,86.4,27.8,321.8,17.4,357,6.4,1.1,56.0,16.7,2.46,60.1,43.4,27.8,,,317,,0.103,13.0,3.9,17.8,,,,12,67,100,7.08,,,,1.53,1,0,0,0,1,0,0,0,B6_deficiency,B6_deficiency
P000141,32,F,116.4,3.53,35.2,100.1,33.0,331.6,18.2,243,3.58,1.4,40.9,24.7,3.15,69.8,45.1,35.4,,,277,64.7,0.254,21.5,2.9,,,,8.0,,88,95,,,,,0.74,1,0,0,1,0,0,0,0,folate_deficiency_anemia,folate_deficiency
P000142,42,F,102.8,2.95,29.6,100.9,34.8,334.0,14.3,132,8.53,1.0,31.4,12.4,2.59,48.7,36.3,25.5,,33.2,,,,,,73.8,,,4.6,5,59,125,1.25,,,2.5,1.5,1,0,0,1,0,0,0,0,folate_deficiency_anemia,folate_deficiency
P000143,44,F,99.5,3.58,31.5,87.2,27.8,311.7,17.7,179,8.64,0.8,13.0,5.0,3.11,90.3,85.3,5.5,,,179,17.2,,,,,,,6.2,15,,,2.79,40.6,255,16.4,,1,1,1,0,0,0,0,1,mixed_deficiency,iron_B12
P000144,70,F,100.9,3.83,32.7,86.5,26.4,313.3,17.0,312,4.6,,19.9,5.9,3.32,74.1,68.2,8.0,4.34,,148,,,38.4,12.1,,,,2.4,12,,,1.84,37.1,,,,1,1,1,0,0,0,0,1,mixed_deficiency,iron_B12
P000145,75,F,111.4,4.17,35.3,84.9,26.7,312.9,18.0,244,3.81,,10.1,8.1,3.65,65.2,57.1,12.4,,23.8,217,,,23.1,2.0,,,,1.6,5,,,,,138,,,1,1,0,1,0,0,0,1,mixed_deficiency,iron_folate
P000146,77,M,152.1,4.94,44.3,89.3,30.8,345.8,13.7,179,9.41,,28.7,13.9,3.02,77.4,63.5,18.0,,23.9,,,,,6.3,,,,1.6,8,,,,,202,,1.2,0,1,0,0,0,0,0,0,latent_deficiency,iron_deficiency
P000147,37,M,92.2,4.71,31.4,66.8,19.5,292.0,19.1,572,6.86,0.5,10.0,5.0,3.4,84.4,79.4,5.9,,,,,0.179,,,,,,2.3,9,,,,,,9.3,1.18,1,1,0,0,0,0,0,0,iron_deficiency_anemia,iron_deficiency
P000148,66,F,148.1,5.06,45.4,89.3,29.3,321.1,16.0,256,4.18,1.2,77.0,,,,,,,,299,,,,,,,,2.3,,70,100,1.36,,,,,0,0,0,0,0,0,0,0,no_anemia_no_deficiency,none
P000149,25,F,92.8,3.67,30.4,82.2,25.3,311.1,14.4,253,14.34,,246.1,11.8,2.33,60.3,48.5,19.6,,,918,93.9,0.168,,,,24.9,,79.0,55,,,,34.9,,9.7,,1,0,0,0,0,0,1,0,inflammation_anemia,inflammation
P000150,85,F,102.1,2.9,31.1,106.8,35.2,329.2,17.1,164,4.72,0.7,,17.7,2.43,50.5,32.8,35.0,,,96,,0.697,22.5,8.8,,,,,,69,84,1.38,46.6,428,25.1,0.33,1,0,1,0,0,0,0,0,B12_deficiency_anemia,B12_deficiency
P000151,62,M,144.5,5.49,43.3,78.2,26.3,338.8,16.3,276,5.22,1.6,,,,,,,,,191,45.2,,14.4,,19.9,,,,10,,,1.73,40.5,,,,0,0,0,0,1,0,0,0,B6_deficiency,B6_deficiency
P000152,66,F,79.8,3.46,26.8,77.5,23.0,299.9,18.2,269,4.97,1.7,7.7,,,,,,,,,,,,,60.2,,,0.6,,,,3.42,43.0,241,,1.43,1,1,0,0,0,0,0,0,iron_deficiency_anemia,iron_deficiency
P000153,80,F,115.3,4.06,35.7,87.9,28.4,322.9,15.9,421,6.91,1.8,,8.3,1.74,50.2,41.9,16.5,,,340,95.0,,8.7,,,,,85.7,,,,1.04,,203,2.1,0.73,1,0,0,0,0,0,1,0,inflammation_anemia,inflammation
P000154,38,F,113.0,3.58,32.8,90.9,31.6,338.4,15.3,307,7.2,,75.5,11.5,2.54,58.7,47.2,19.6,1.24,,309,118.0,0.152,30.8,3.8,,,0.3,0.7,13,62,124,2.66,41.3,,7.6,,1,0,0,1,0,0,0,0,folate_deficiency_anemia,folate_deficiency
P000155,53,F,135.8,4.32,41.9,97.6,31.4,327.1,13.6,342,5.66,,,,,,,,,,263,40.7,0.357,27.8,,,,,2.1,9,,,,37.9,,,,0,0,1,0,0,0,0,0,B12_deficiency_no_anemia,B12_deficiency
P000156,84,M,124.7,3.82,37.6,98.9,32.6,327.4,17.4,185,5.16,,117.9,21.9,3.01,59.7,37.8,36.7,,,243,74.8,0.192,29.2,1.6,,,,0.6,23,100,61,,42.3,,,,1,0,0,1,0,0,0,0,folate_deficiency_anemia,folate_deficiency
P000157,85,F,146.5,4.42,43.6,98.3,33.2,338.5,12.6,362,6.87,1.2,94.4,,,,,,1.34,30.7,,,0.118,,,,,,,,66,83,,,,,,0,0,0,1,0,0,0,0,folate_deficiency_no_anemia,folate_deficiency
P000158,53,M,104.2,3.69,33.3,89.6,28.2,315.3,14.8,373,5.58,1.5,197.9,9.1,2.45,52.1,43.0,17.5,1.44,,830,,,,,,,,53.7,54,103,87,1.28,,216,,,1,0,0,0,0,0,1,0,inflammation_anemia,inflammation
P000159,47,F,85.2,3.05,26.3,87.2,27.9,322.0,15.8,173,8.41,,113.5,27.4,2.72,67.1,39.7,40.8,,,323,119.7,0.105,,,15.6,,,0.6,,,,0.77,44.8,156,2.4,0.79,1,0,0,0,1,0,0,0,B6_deficiency,B6_deficiency
P000160,48,F,151.5,4.83,42.2,87.8,31.4,359.9,13.9,336,9.31,,37.8,11.3,2.53,51.5,40.2,21.9,,,394,,,,4.0,,,0.42,2.2,7,,,,,,,1.88,0,0,0,0,0,0,0,0,no_anemia_no_deficiency,none
P000161,43,F,87.5,3.23,25.9,80.9,27.1,333.7,12.0,212,5.52,1.3,,22.4,3.05,75.7,53.3,29.6,1.88,,,,,14.8,,,20.3,0.31,0.5,,247,29,,41.3,145,2.6,,1,0,0,0,0,0,0,0,anemia_other,undetermined
P000162,86,M,93.2,3.47,29.7,85.8,26.9,314.8,17.4,200,3.82,0.8,24.0,12.1,3.37,53.3,41.2,22.7,,,302,,0.115,,7.5,,,0.27,2.2,15,201,45,1.2,42.6,165,12.2,,1,0,0,0,0,0,0,0,anemia_other,undetermined
P000163,37,F,85.8,3.45,26.5,76.7,24.9,320.9,16.7,283,2.9,1.0,,,,,,,,32.4,,,,12.5,10.5,,12.5,0.18,2.9,8,89,83,,45.2,,6.4,0.75,1,0,0,0,0,1,0,0,copper_deficiency,copper_deficiency
P000164,47,F,107.4,4.24,33.9,80.3,25.3,315.8,14.1,303,6.47,1.1,158.3,9.9,2.2,54.8,44.9,18.1,,,,,,,,,,,111.9,,76,106,,39.2,226,5.1,1.62,1,0,0,0,0,0,1,0,inflammation_anemia,inflammation
P000165,84,M,136.9,4.42,39.6,90.4,31.0,343.3,12.9,240,5.32,1.7,134.3,,,,,,,,,,,,5.7,,,,,,97,77,,,,12.9,,0,0,0,0,0,0,0,0,no_anemia_no_deficiency,none
P000166,56,M,141.7,5.26,44.1,84.1,26.9,322.7,12.7,397,5.79,1.2,,,,,,,,29.1,719,80.5,,,6.6,16.3,17.1,,,,,,1.01,39.6,,,,0,0,0,0,1,0,0,0,B6_deficiency,B6_deficiency
P000167,44,F,84.5,4.36,28.9,65.9,19.4,292.0,20.6,412,5.06,0.9,6.4,6.8,3.25,70.6,63.8,9.6,4.02,,316,40.0,0.258,15.1,,,,,0.5,,78,101,1.73,44.5,,,1.16,1,1,0,0,0,0,0,0,iron_deficiency_anemia,iron_deficiency
P000168,44,F,132.8,4.28,38.8,90.2,31.0,344.1,15.0,285,6.33,,,,,,,,,35.3,,,,18.6,,52.1,,,,,,,1.8,,,2.6,1.9,0,0,0,1,0,0,0,0,folate_deficiency_no_anemia,folate_deficiency
P000169,69,F,113.4,4.44,36.8,82.9,25.5,307.2,13.6,335,8.46,0.4,201.3,4.3,2.32,48.3,44.0,8.9,0.99,,439,72.4,,,,,29.3,0.49,27.9,53,79,85,,40.5,,,1.43,1,0,0,0,0,0,1,0,inflammation_anemia,inflammation
P000170,48,F,111.9,3.18,35.4,112.7,35.2,311.6,16.1,210,4.99,0.8,73.8,15.7,3.39,57.6,41.9,27.3,,,,,,22.7,1.8,,,,5.5,4,88,88,,36.9,,,,1,0,0,1,0,0,0,0,folate_deficiency_anemia,folate_deficiency
P000171,54,F,137.3,4.71,43.3,91.7,29.2,317.0,13.0,288,5.53,1.2,36.7,11.0,3.42,91.3,80.3,12.0,,24.5,,,,,,,,,1.1,4,,,,,,,,0,1,0,0,0,0,0,0,latent_deficiency,iron_deficiency
P000172,65,F,99.4,3.43,31.6,92.2,29.0,310.5,19.8,356,4.57,,9.4,9.3,4.01,69.9,60.6,13.3,,26.3,253,64.1,,23.5,2.5,,23.4,,2.5,7,,,0.92,41.4,,5.3,0.71,1,1,0,1,0,0,0,1,mixed_deficiency,iron_folate
P000173,55,M,121.4,4.79,39.8,82.3,25.4,302.9,14.4,161,7.06,1.1,46.9,18.6,2.27,44.8,26.2,41.5,,,,,,7.3,3.7,12.0,17.3,,0.5,12,105,85,1.13,,,,1.27,1,0,0,0,1,0,0,0,B6_deficiency,B6_deficiency
P000174,30,F,95.7,3.35,29.8,89.0,28.6,323.6,15.5,351,8.77,,360.0,,,,,,,29.5,295,62.7,0.197,,12.7,,,,0.6,2,83,100,0.38,44.6,,12.1,,1,0,0,0,0,0,0,0,anemia_other,undetermined
P000175,54,F,89.4,3.22,27.9,86.4,27.8,317.7,16.8,283,6.12,,112.2,3.3,2.58,41.2,37.9,8.0,,,418,,,,,,,,10.5,12,,,,39.3,241,9.9,1.13,1,0,0,0,0,0,1,0,inflammation_anemia,inflammation
P000176,69,F,114.3,3.91,34.7,89.2,29.2,327.5,18.9,165,3.45,1.0,,,,,,,4.27,,268,,0.256,,4.0,,,,,,80,87,,41.8,206,3.4,,1,1,0,0,0,0,0,0,iron_deficiency_anemia,iron_deficiency
P000177,42,M,138.8,4.43,40.2,90.9,31.4,350.4,12.4,220,6.25,1.1,,,,,,,1.74,33.6,,,,,,,,,,,69,112,,44.3,,2.5,1.49,0,0,0,0,0,0,0,0,no_anemia_no_deficiency,none
P000178,84,F,132.6,3.85,38.4,100.0,34.4,343.0,16.4,279,4.71,,77.7,18.3,2.79,57.3,39.0,31.9,1.47,,389,,,11.6,,,11.2,0.16,,,80,76,1.54,,,,,0,0,0,0,0,1,0,0,copper_deficiency,copper_deficiency
P000179,70,F,86.3,5.06,29.9,58.7,17.0,287.9,,211,9.01,1.6,,7.8,3.86,74.3,66.5,10.5,,,256,53.2,,,,,,,5.9,2,59,103,1.56,44.2,219,,0.88,1,1,0,0,0,0,0,0,iron_deficiency_anemia,iron_deficiency
P000180,87,F,103.7,3.32,30.8,91.8,31.2,337.4,14.7,223,9.13,,29.3,,,,,,2.48,,220,,0.246,,9.5,,,,,5,86,64,,43.5,,,,1,1,0,0,0,0,0,0,iron_deficiency_anemia,iron_deficiency
P000181,22,F,101.3,4.29,30.5,70.9,23.6,330.1,15.1,282,12.07,,10.1,7.2,3.31,82.5,75.3,8.7,,,,65.5,,11.4,4.8,,13.9,,,,87,108,2.68,,198,10.2,,1,1,0,0,0,0,0,0,iron_deficiency_anemia,iron_deficiency
P000182,76,M,95.2,3.61,29.0,80.4,26.4,326.8,14.2,304,4.74,0.7,62.8,15.6,2.52,51.8,36.2,30.1,,,,,,,,,,,1.4,14,190,22,1.89,40.2,141,5.9,,1,0,0,0,0,0,0,0,anemia_other,undetermined
P000183,71,F,127.2,4.28,39.3,92.6,29.7,321.8,13.2,268,5.51,1.2,124.4,29.9,1.89,78.8,48.9,37.9,1.33,,,,,26.9,2.9,,,,,,85,65,,,241,8.3,,0,0,0,1,0,0,0,0,folate_deficiency_no_anemia,folate_deficiency
P000184,60,F,97.0,2.68,29.2,108.7,36.2,327.7,14.6,180,4.28,1.3,79.5,18.7,2.14,62.2,43.5,30.1,,,144,,,31.6,2.9,,,,0.5,11,76,90,,42.2,421,22.5,0.59,1,0,1,1,0,0,0,1,mixed_deficiency,B12_folate
P000185,56,F,117.3,4.3,36.6,85.0,27.3,319.7,16.2,559,10.27,1.2,199.9,8.2,2.07,52.8,44.6,15.5,,,514,,,,14.1,,,0.25,30.0,,82,101,,32.9,165,,1.97,1,0,0,0,0,0,1,0,inflammation_anemia,inflammation
P000186,79,M,147.9,5.08,43.8,86.5,29.1,338.9,15.9,214,6.99,,34.5,9.5,2.82,66.7,57.2,14.2,,27.7,,,,,,,,,0.4,10,92,77,,43.0,,,,0,1,0,0,0,0,0,0,latent_deficiency,iron_deficiency
P000187,79,F,132.6,4.98,43.1,86.4,26.6,306.1,17.3,323,7.79,,10.6,2.8,3.64,74.6,71.8,3.8,3.51,,,,,,,27.3,,,,25,86,72,3.42,,,,,0,1,0,0,0,0,0,0,latent_deficiency,iron_deficiency
P000188,48,F,102.1,3.66,32.8,89.6,27.9,312.8,17.8,223,5.96,1.1,22.2,12.6,2.72,81.3,68.7,15.5,5.24,,368,,,,,,,0.43,3.4,,74,104,,43.4,,,1.42,1,1,0,0,0,0,0,0,iron_deficiency_anemia,iron_deficiency
P000189,63,F,111.1,3.74,32.5,87.2,29.7,342.3,16.1,264,6.41,1.0,160.5,20.7,2.73,50.4,29.7,41.1,,,,120.5,,11.3,8.2,,19.6,,0.4,4,199,41,,,237,,1.15,1,0,0,0,0,0,0,0,anemia_other,undetermined
P000190,66,M,122.2,4.02,38.0,93.9,30.4,322.1,18.3,192,7.52,,78.2,,,,,,,,,121.6,,,,,,0.22,3.4,9,,,,49.2,,,,1,0,0,0,0,0,0,0,anemia_other,undetermined
P000191,18,F,152.6,5.17,46.4,90.2,29.5,325.4,13.6,242,6.35,,,,,,,,,,,48.7,0.167,,,,,0.42,2.4,5,,,1.26,,,,,0,0,0,0,0,0,0,0,no_anemia_no_deficiency,none
P000192,81,F,112.8,4.09,38.0,94.1,27.6,302.8,20.8,250,5.49,,29.8,,,,,,3.81,,,,,,15.9,,,,,14,,,,40.5,270,7.3,1.7,1,1,0,0,0,0,0,0,iron_deficiency_anemia,iron_deficiency
P000193,76,M,161.4,5.76,49.0,85.0,28.0,330.4,13.9,256,4.79,,153.3,17.0,2.11,75.8,58.8,22.4,,,,,,,10.3,,,,,,,,1.62,40.2,,,,0,0,0,0,0,0,0,0,no_anemia_no_deficiency,none
P000194,88,M,149.9,5.22,47.7,91.6,28.7,315.9,14.8,287,6.38,,,,,,,,,34.8,289,,,29.4,14.7,,,,1.6,2,,,,,,,,0,0,1,0,0,0,0,0,B12_deficiency_no_anemia,B12_deficiency
P000195,77,M,157.3,6.09,48.5,80.2,25.8,322.2,16.8,251,5.37,,16.8,4.0,3.62,86.6,82.6,4.6,,,,,,,,,,,2.3,15,,,2.42,,,,1.74,0,1,0,0,0,0,0,0,latent_deficiency,iron_deficiency
P000196,71,F,81.4,2.85,26.2,91.6,28.6,311.9,19.0,201,5.51,1.1,6.0,7.6,4.09,77.6,70.0,9.8,,,,,1.186,,8.4,,,0.25,1.1,2,86,79,2.6,39.8,419,11.8,1.16,1,1,1,0,0,0,0,1,mixed_deficiency,iron_B12
P000197,71,F,93.4,3.12,28.3,90.7,30.0,330.2,14.4,196,9.37,,,21.9,2.69,61.8,39.9,35.4,,,,,,,15.0,,,,,16,113,50,1.73,46.7,,,1.44,1,0,0,0,0,0,0,0,anemia_other,undetermined
P000198,74,F,137.2,4.65,42.6,90.8,29.5,318.3,15.7,268,6.27,1.8,,,,,,,,31.9,110,,,33.9,15.9,,,,,,,,1.69,40.4,,,,0,0,1,0,0,0,0,0,B12_deficiency_no_anemia,B12_deficiency
P000199,69,F,75.0,3.13,26.3,84.0,24.0,289.5,21.0,169,4.87,1.2,20.7,5.5,3.46,68.9,63.4,8.0,,,,,0.115,11.7,12.9,,,,,11,,,2.65,38.3,,11.6,1.32,1,1,0,0,0,0,0,0,iron_deficiency_anemia,iron_deficiency
P000200,45,F,124.5,4.25,37.9,89.6,29.3,328.3,13.9,286,5.58,,,21.6,2.01,71.3,49.7,30.3,,,,,0.119,,,,,,,,86,92,,,,,,0,0,0,0,0,0,0,0,no_anemia_no_deficiency,none
P000201,71,F,146.0,5.76,45.6,79.0,25.4,321.3,13.8,330,5.65,,15.9,6.9,3.56,72.7,65.8,9.5,,,,,0.208,,6.9,,22.1,,,5,,,1.16,37.1,,,,0,1,0,0,0,0,0,0,latent_deficiency,iron_deficiency
P000202,52,F,90.8,5.37,32.7,59.9,16.9,270.0,24.4,288,5.55,,5.2,7.3,3.7,67.7,60.4,10.8,,,337,,0.158,14.0,,,,,,,68,117,1.6,46.6,225,,,1,1,0,0,0,0,0,0,iron_deficiency_anemia,iron_deficiency
P000203,72,F,114.1,4.24,34.7,83.2,26.9,329.6,14.2,280,8.94,1.5,112.6,,,,,,1.79,,297,,0.201,,,18.3,,,7.4,23,75,96,1.21,,,,,1,0,0,0,1,0,0,0,B6_deficiency,B6_deficiency
P000204,69,F,88.0,3.07,28.1,91.2,28.7,305.9,22.5,374,3.06,0.6,8.1,2.7,3.8,71.4,68.7,3.8,,,86,,,42.0,3.5,49.1,,,1.2,,62,107,1.22,,278,12.2,1.18,1,1,1,0,0,0,0,1,mixed_deficiency,iron_B12
P000205,50,F,139.3,5.56,44.6,79.9,25.1,317.9,15.3,300,5.64,,5.2,11.3,2.85,86.1,74.8,13.1,,,,,0.236,,11.9,,,,5.8,,,,,46.5,,,,0,1,0,0,0,0,0,0,latent_deficiency,iron_deficiency
P000206,46,M,131.7,4.74,40.8,85.9,27.8,318.9,17.1,385,7.65,,,,,,,,1.65,32.1,,,,,,22.1,,,,2,104,82,,43.3,,,,0,0,0,0,1,0,0,0,B6_deficiency,B6_deficiency
P000207,80,F,108.9,3.53,34.6,96.9,30.8,311.3,20.4,165,7.54,,,22.0,2.93,63.5,41.5,34.6,2.09,31.4,525,,0.173,25.8,1.4,,,,,,72,74,1.43,39.3,,,,1,0,0,1,0,0,0,0,folate_deficiency_anemia,folate_deficiency
P000208,73,M,136.6,5.08,41.9,82.1,26.9,324.7,12.1,178,2.73,1.2,152.6,,,,,,,35.2,365,,0.21,12.8,,,6.0,,,,,,,38.2,,,,0,0,0,0,0,1,0,0,copper_deficiency,copper_deficiency
P000209,54,F,115.6,3.97,36.2,91.5,29.1,319.0,24.8,342,6.06,0.8,,4.5,3.05,82.6,78.1,5.4,,,,,,,,,,,4.5,12,90,86,,,,,1.02,1,1,0,1,0,0,0,1,mixed_deficiency,iron_folate
P000210,26,F,108.2,3.28,32.9,99.6,33.0,324.6,16.7,220,7.0,,70.1,21.9,3.2,53.3,31.4,41.1,,,406,,,32.4,2.1,,,,0.5,4,50,125,,42.7,225,14.7,,1,0,0,1,0,0,0,0,folate_deficiency_anemia,folate_deficiency
P000211,27,M,102.6,3.82,31.9,84.0,26.8,319.8,17.8,269,5.7,,7.9,7.1,3.3,93.5,86.4,7.6,,,220,121.6,,,,,,,,,,,,42.9,,,,1,1,0,0,0,0,0,0,iron_deficiency_anemia,iron_deficiency
P000212,73,F,88.0,2.77,26.6,96.3,31.8,322.6,16.8,267,3.81,1.3,,,,,,,,,,,0.166,,,,5.9,0.09,,3,68,100,,40.7,185,,,1,0,0,0,0,1,0,0,copper_deficiency,copper_deficiency
P000213,68,F,123.8,3.64,38.2,104.3,34.0,322.1,18.7,254,3.64,1.2,,18.5,2.66,71.7,53.2,25.8,,,,,0.165,11.6,4.8,66.1,6.6,0.17,,19,65,104,1.33,37.9,,4.9,,0,0,0,0,0,1,0,0,copper_deficiency,copper_deficiency
P000214,74,M,87.8,2.55,27.5,107.5,34.5,319.9,23.4,298,3.29,,,,,,,,,,112,19.8,0.868,,,,13.1,,0.6,,92,74,1.82,46.4,422,,0.49,1,0,1,0,0,0,0,0,B12_deficiency_anemia,B12_deficiency
P000215,37,F,79.1,3.04,24.5,80.5,26.0,316.0,20.7,175,5.2,1.0,16.2,9.2,3.01,75.1,65.9,12.3,,,220,71.5,0.105,9.8,,57.4,,,0.6,8,,,1.92,40.1,167,13.5,,1,1,0,0,0,0,0,0,iron_deficiency_anemia,iron_deficiency
P000216,58,F,108.6,4.43,35.1,79.5,24.5,308.9,17.9,224,7.38,,31.4,,,,,,,,,,,10.9,,,,,1.2,2,,,1.95,38.7,272,,1.88,1,1,0,0,0,0,0,0,iron_deficiency_anemia,iron_deficiency
P000217,32,F,89.2,3.09,26.6,86.2,28.9,338.7,14.1,279,6.65,,139.7,,,,,,1.17,28.3,254,60.3,,13.4,13.5,,,,1.3,,163,50,3.56,40.3,,,1.18,1,0,0,0,0,0,0,0,anemia_other,undetermined
P000218,45,F,97.7,3.09,30.6,100.2,31.6,322.9,15.5,264,8.93,1.3,221.2,28.7,2.14,74.0,45.3,38.8,1.55,29.4,379,109.7,,,1.5,,,,,12,86,96,,45.6,,,,1,0,0,1,0,0,0,0,folate_deficiency_anemia,folate_deficiency
P000219,26,F,90.8,2.73,26.9,98.2,33.3,339.8,16.5,133,4.69,,,,,,,,,33.3,222,32.1,0.445,27.9,,,18.5,,2.1,4,46,125,0.49,44.4,309,24.4,0.84,1,0,1,0,0,0,0,0,B12_deficiency_anemia,B12_deficiency
P000220,45,F,101.3,2.89,31.9,110.6,35.1,318.4,17.3,253,8.92,1.0,,16.3,2.93,63.5,47.2,25.7,1.5,,351,,,25.2,1.4,23.9,12.0,,2.2,9,,,0.62,,,,1.68,1,0,0,1,0,0,0,0,folate_deficiency_anemia,folate_deficiency
P000221,66,F,106.0,3.26,32.0,97.8,32.5,329.5,14.2,246,6.22,0.9,360.0,,,,,,1.24,,232,,,,3.8,,12.6,,8.0,19,72,99,1.65,46.2,354,,0.35,1,0,1,1,0,0,0,1,mixed_deficiency,B12_folate
P000222,84,F,137.0,4.47,42.5,95.6,30.7,321.4,16.6,139,6.06,,,,,,,,,,295,40.3,,23.6,,,,,,9,,,,37.1,249,,,0,0,1,0,0,0,0,0,B12_deficiency_no_anemia,B12_deficiency
P000223,50,F,113.4,4.32,36.2,84.0,26.2,317.7,,433,5.83,1.0,9.2,10.7,2.66,99.2,88.5,10.8,,,391,,0.129,,15.6,22.9,18.8,,8.7,8,,,,42.6,,5.6,,1,1,0,0,0,0,0,0,iron_deficiency_anemia,iron_deficiency
P000224,41,M,101.6,3.74,30.9,82.6,27.2,325.3,17.9,278,6.76,,158.9,6.8,2.39,48.5,41.7,14.0,,,299,,,13.9,,,,,75.4,52,69,121,,,,,,1,0,0,0,0,0,1,0,inflammation_anemia,inflammation
P000225,44,F,98.1,3.5,29.6,84.8,28.0,322.8,12.8,193,10.05,0.7,,20.4,2.82,61.1,40.7,33.4,2.05,,678,,,,3.6,47.8,,,1.5,6,148,21,1.8,38.6,,,1.46,1,0,0,0,0,0,0,0,anemia_other,undetermined
P000226,82,F,101.8,3.34,31.5,94.3,30.5,326.1,20.3,146,4.19,0.5,110.7,14.2,3.22,56.1,41.9,25.3,2.09,28.2,225,31.1,0.527,18.3,,,,,,,,,9.21,,,,,1,0,1,0,0,0,0,0,B12_deficiency_anemia,B12_deficiency
P000227,55,F,109.6,2.94,34.5,115.5,37.2,317.6,15.3,181,5.7,0.7,,20.7,2.41,59.4,38.7,34.8,,,,,,,2.8,,,,14.0,13,76,97,1.89,40.1,170,,0.82,1,0,0,1,0,0,0,0,folate_deficiency_anemia,folate_deficiency
P000228,53,F,80.6,3.14,26.2,84.0,25.7,308.1,17.7,205,4.57,1.1,3.3,3.1,4.3,87.9,84.8,3.5,3.52,,557,102.5,,,14.6,,,,0.9,5,90,82,,47.2,341,,1.24,1,1,0,0,0,0,0,0,iron_deficiency_anemia,iron_deficiency
P000229,93,M,124.3,4.38,38.3,87.4,28.4,320.2,13.0,235,9.21,,108.2,7.9,2.18,42.7,34.8,18.5,,,293,,0.199,,,,21.9,,,82,91,66,0.84,40.5,,,,1,0,0,0,0,0,1,0,inflammation_anemia,inflammation
P000230,76,F,93.0,3.42,28.3,82.1,27.2,324.7,15.8,511,5.73,1.4,199.0,5.8,2.3,51.4,45.6,11.3,2.17,,367,,,,13.7,,,,21.6,40,94,69,2.18,25.1,,9.3,,1,0,0,0,0,0,1,0,inflammation_anemia,inflammation
P000231,58,M,118.1,4.18,37.6,90.8,28.2,319.1,12.8,292,5.29,,,24.0,2.37,59.4,35.4,40.4,1.86,33.9,249,,0.263,9.0,12.2,,,,0.6,6,,,1.41,43.9,158,,,1,0,0,0,0,0,0,0,anemia_other,undetermined
P000232,81,F,127.3,4.05,38.8,94.9,31.4,329.3,13.8,160,6.81,1.2,51.9,14.5,2.14,69.2,54.7,21.0,,34.8,86,,0.914,,8.0,,,,1.0,12,,,,,,,,0,0,1,0,0,0,0,0,B12_deficiency_no_anemia,B12_deficiency
P000233,66,M,146.5,5.07,42.7,83.9,28.9,345.0,14.8,179,9.46,,37.3,11.0,2.52,67.1,56.1,16.4,2.23,26.4,,,,,,36.8,,,,,77,88,1.25,42.4,,,,0,1,0,0,0,0,0,0,latent_deficiency,iron_deficiency
P000234,54,M,84.6,4.42,25.2,58.0,19.1,324.7,26.7,436,10.24,,,9.3,2.95,89.3,80.0,10.4,,,,125.0,,,3.5,85.8,,0.22,1.0,7,66,103,,37.4,,,,1,1,0,0,0,0,0,0,iron_deficiency_anemia,iron_deficiency
P000235,64,M,141.8,4.66,41.5,88.6,30.4,345.5,12.3,205,5.89,0.8,,13.5,2.38,61.8,48.3,21.8,,,,,,,2.6,31.6,,,1.0,2,,,,37.6,223,,1.82,0,0,0,1,0,0,0,0,folate_deficiency_no_anemia,folate_deficiency
P000236,21,F,107.1,4.54,33.3,73.6,23.6,322.2,13.8,337,5.37,0.6,,,,,,,,,459,118.6,,,,13.2,,,5.1,7,56,125,,40.4,,,,1,0,0,0,1,0,0,0,B6_deficiency,B6_deficiency
P000237,59,F,146.7,4.47,44.1,98.2,32.8,332.9,15.5,321,5.15,,,21.8,2.76,62.0,40.2,35.2,1.46,,89,27.1,1.086,30.3,,,,0.25,1.3,15,,,,,,6.3,1.29,0,0,1,0,0,0,0,0,B12_deficiency_no_anemia,B12_deficiency
P000238,41,F,115.8,4.99,40.6,81.8,23.2,286.9,15.3,251,2.34,,31.0,13.1,2.75,71.2,58.1,18.4,3.97,,220,,,9.0,,73.5,,,13.8,,72,106,,46.1,,6.5,,1,1,0,0,0,0,0,0,iron_deficiency_anemia,iron_deficiency
P000239,51,F,95.1,3.62,29.6,81.4,26.2,313.4,23.4,466,2.47,,26.4,8.8,3.4,61.9,53.1,14.2,,,,,0.63,,5.1,,21.7,0.39,2.7,2,76,102,1.9,,,6.4,,1,1,1,0,0,0,0,1,mixed_deficiency,iron_B12
P000240,76,F,123.1,4.1,36.2,88.6,30.0,339.2,14.2,214,5.89,1.5,,,,,,,,,,,,,3.9,49.1,,,1.4,16,,,,,,,,0,0,0,0,0,0,0,0,no_anemia_no_deficiency,none
P000241,45,F,109.9,4.74,38.4,81.6,23.2,286.8,17.6,459,7.17,1.2,20.9,5.3,4.03,75.3,70.0,7.0,,,569,,0.163,27.2,,,,0.36,,,74,113,,45.5,207,,1.06,1,1,0,1,0,0,0,1,mixed_deficiency,iron_folate
P000242,70,F,76.5,2.51,23.5,93.4,30.4,315.9,17.8,274,4.45,1.3,7.5,8.3,4.1,89.5,81.2,9.3,,,457,,0.112,27.0,2.8,,,,1.4,14,77,87,,41.6,,11.7,,1,1,0,1,0,0,0,1,mixed_deficiency,iron_folate
P000243,49,M,134.2,4.71,37.9,80.1,28.5,351.4,13.1,326,7.49,,,,,,,,2.17,,,,,,9.7,,,,,11,,,,,,,,0,0,0,0,0,0,0,0,no_anemia_no_deficiency,none
P000244,65,M,119.1,4.99,38.5,77.5,23.9,308.2,18.8,400,3.04,1.2,27.7,10.6,2.91,84.1,73.5,12.6,4.4,,356,,,,3.0,,,,,13,98,66,,,,6.7,,1,1,0,1,0,0,0,1,mixed_deficiency,iron_folate
P000245,44,F,110.9,3.5,34.2,98.3,31.7,324.4,19.1,157,5.61,,46.8,,,,,,,33.5,241,36.2,0.66,23.5,,,14.1,0.36,3.4,5,,,3.19,47.0,366,,0.44,1,0,1,0,0,0,0,0,B12_deficiency_anemia,B12_deficiency
P000246,83,F,115.9,4.59,38.0,82.4,25.2,300.2,12.2,391,11.3,,133.6,5.0,2.08,34.5,29.5,14.5,,,435,47.9,,,,58.3,,0.25,,34,69,83,,31.6,227,,,1,0,0,0,0,0,1,0,inflammation_anemia,inflammation
P000247,80,F,106.5,3.72,31.3,84.0,28.7,335.0,17.5,405,5.87,1.3,18.0,6.8,3.91,91.2,84.4,7.5,4.21,21.7,286,92.4,0.135,,,,,,,,,,6.89,42.7,214,,1.81,1,1,0,0,0,0,0,0,iron_deficiency_anemia,iron_deficiency
P000248,69,F,80.3,2.28,23.6,102.9,35.1,331.0,20.1,120,5.32,0.8,232.7,23.0,2.8,64.5,41.5,35.7,1.25,30.4,179,18.6,,21.6,,,,,1.3,,,,6.47,42.6,211,,,1,0,1,0,0,0,0,0,B12_deficiency_anemia,B12_deficiency
P000249,66,M,90.3,3.7,28.9,78.5,24.4,319.6,16.4,374,3.13,1.3,,28.4,2.77,70.8,42.4,40.1,,,287,,,12.8,15.2,,,,1.0,6,85,89,2.55,,189,9.4,,1,0,0,0,0,0,0,0,anemia_other,undetermined
P000250,68,F,132.0,4.5,41.7,92.8,29.3,318.7,13.3,269,5.84,1.8,59.8,,,,,,0.97,,579,,,20.6,,,22.8,0.4,,13,,,0.96,42.8,,,,0,0,0,1,0,0,0,0,folate_deficiency_no_anemia,folate_deficiency
P000251,36,M,154.3,5.57,46.5,83.6,27.7,336.2,13.2,261,7.45,,,14.6,2.83,70.1,55.5,20.8,,,431,,,,3.4,,,,8.6,15,73,119,,,,,,0,0,0,0,0,0,0,0,no_anemia_no_deficiency,none
P000252,42,F,135.8,4.64,40.4,87.7,29.3,333.7,11.7,157,3.46,1.2,,17.2,2.94,67.0,49.8,25.7,,,,114.3,,,14.1,,,,,2,59,125,2.92,,,,,0,0,0,0,0,0,0,0,no_anemia_no_deficiency,none
P000253,93,F,86.2,2.44,26.1,108.7,35.3,323.0,16.6,220,6.92,1.4,360.0,18.8,2.86,55.0,36.2,34.2,,,198,69.0,0.245,17.4,2.0,,,,1.1,15,96,56,,40.0,,9.0,,1,0,0,1,0,0,0,0,folate_deficiency_anemia,folate_deficiency
P000254,64,F,129.8,4.93,41.0,83.7,26.3,318.0,15.6,192,8.35,,10.0,6.9,3.6,79.9,73.0,8.6,,,,101.1,,,,,,,,,,,2.11,,,,2.01,0,1,0,0,0,0,0,0,latent_deficiency,iron_deficiency
P000255,72,F,100.3,4.31,35.7,84.0,23.3,282.9,18.9,351,4.07,0.9,9.9,,,,,,,,442,,,,,48.6,,,2.4,12,46,125,1.54,,,4.5,,1,1,0,0,0,0,0,0,iron_deficiency_anemia,iron_deficiency
P000256,72,F,84.7,2.23,25.6,115.9,37.9,329.0,16.0,132,6.22,0.6,,,,,,,,,169,,1.262,,4.6,,,,3.3,12,,,1.66,40.8,406,15.8,,1,0,1,0,0,0,0,0,B12_deficiency_anemia,B12_deficiency
P000257,18,F,79.3,3.27,26.9,82.9,24.3,300.5,17.6,296,3.17,0.7,29.2,6.5,2.52,80.3,73.8,8.1,3.61,,245,40.1,0.322,25.8,,,,,,,,,,42.0,265,10.2,0.87,1,1,1,0,0,0,0,1,mixed_deficiency,iron_B12
P000258,43,M,99.1,3.03,29.6,97.8,32.7,337.3,13.9,108,5.16,,70.3,,,,,,,,,64.2,,,,,12.1,,,2,,,,38.1,,,,1,0,0,1,0,0,0,0,folate_deficiency_anemia,folate_deficiency
P000259,69,M,148.9,4.81,45.3,94.1,31.0,331.4,13.7,140,6.01,,62.6,18.4,2.92,67.6,49.2,27.2,1.99,,,,,,,,,,5.0,2,99,66,2.31,39.4,,,,0,0,0,0,0,0,0,0,no_anemia_no_deficiency,none
P000260,80,F,88.4,2.46,26.8,108.7,36.0,335.2,19.0,273,3.74,,80.7,18.9,2.62,61.9,43.0,30.5,1.91,,182,,0.366,,,18.5,,,,16,,,1.79,42.1,393,26.8,0.4,1,0,1,0,0,0,0,0,B12_deficiency_anemia,B12_deficiency
P000261,39,F,83.1,2.42,25.7,105.7,34.4,328.8,16.6,222,3.47,1.4,73.4,14.9,2.75,49.7,34.8,30.0,,,,,,28.4,,,,,2.8,,71,104,0.44,42.5,,2.5,1.56,1,0,0,1,0,0,0,0,folate_deficiency_anemia,folate_deficiency
P000262,64,F,82.2,2.94,27.6,93.8,28.0,300.4,23.0,165,7.13,,,10.4,3.44,81.3,70.9,12.8,,,117,14.2,1.183,,,,,,1.0,,,,,42.2,446,,0.61,1,1,1,0,0,0,0,1,mixed_deficiency,iron_B12
P000263,85,M,83.5,2.9,25.7,88.4,28.8,330.3,24.2,391,5.65,,10.8,10.7,3.1,83.5,72.8,12.8,,,139,32.1,0.568,32.6,5.9,,,,0.8,,77,86,,,531,,1.14,1,1,1,0,0,0,0,1,mixed_deficiency,iron_B12
P000264,74,M,94.1,2.58,29.2,113.6,36.5,318.3,15.5,195,5.12,,45.1,19.7,2.86,58.2,38.5,33.8,1.24,,204,,0.581,,3.1,34.3,,,5.9,15,90,81,,41.0,,,0.5,1,0,1,1,0,0,0,1,mixed_deficiency,B12_folate
P000265,82,M,160.1,5.95,49.6,83.3,26.9,327.7,12.9,376,7.37,,60.7,,,,,,,,,,,,,,,,,,102,69,,42.0,,,,0,0,0,0,0,0,0,0,no_anemia_no_deficiency,none
P000266,54,F,80.5,2.29,25.2,111.6,35.1,323.3,19.9,274,9.15,,,,,,,,,,126,,,,1.6,,,,0.9,9,49,125,2.47,42.0,,,0.42,1,0,1,1,0,0,0,1,mixed_deficiency,B12_folate
P000267,77,F,91.5,3.22,28.7,88.6,28.4,319.3,15.7,243,3.75,1.0,,,,,,,,,523,,0.158,11.2,5.7,,8.3,0.18,1.2,,68,86,1.39,40.9,,,,1,0,0,0,0,1,0,0,copper_deficiency,copper_deficiency
P000268,83,M,63.4,3.08,22.3,72.9,20.6,290.4,26.6,352,4.28,1.2,6.8,8.8,3.13,87.5,78.7,10.1,,,,,,,,,15.6,,,,,,0.98,36.8,185,10.2,0.84,1,1,0,0,0,0,0,0,iron_deficiency_anemia,iron_deficiency
P000269,68,M,158.3,5.52,48.7,88.7,28.7,325.1,14.5,256,8.59,,20.6,8.2,2.11,67.4,59.2,12.2,4.37,23.5,,65.1,,,7.2,60.5,,,,,69,94,,,,11.2,,0,1,0,0,0,0,0,0,latent_deficiency,iron_deficiency
P000270,66,F,138.8,4.74,40.6,86.7,29.3,343.3,13.0,294,6.75,1.6,54.5,,,,,,,,,,0.213,,,,,,4.1,18,,,,37.4,,11.0,,0,0,0,0,0,0,0,0,no_anemia_no_deficiency,none
P000271,74,F,108.3,3.97,33.9,85.7,27.3,322.1,12.6,445,3.96,1.8,216.3,5.9,2.63,48.1,42.2,12.3,,,,,0.157,10.6,7.7,,,,,35,,,,,,3.1,1.58,1,0,0,0,0,0,1,0,inflammation_anemia,inflammation
P000272,68,F,136.2,4.47,43.0,96.1,30.5,318.8,12.6,186,5.96,,107.6,,,,,,1.17,,,,,18.5,,,,,,2,,,1.82,,,,,0,0,0,1,0,0,0,0,folate_deficiency_no_anemia,folate_deficiency
P000273,43,F,115.9,3.36,37.5,111.8,34.5,309.3,14.7,230,5.52,1.0,,,,,,,,,183,13.0,,,4.1,,22.4,,,7,66,125,,37.3,458,24.6,0.97,1,0,1,0,0,0,0,0,B12_deficiency_anemia,B12_deficiency
P000274,71,F,152.3,5.87,47.4,79.4,25.9,320.5,15.4,255,7.5,,9.4,9.4,3.27,95.4,86.0,9.9,5.63,,,,,8.2,,,,,,13,,,,43.5,,,,0,1,0,0,0,0,0,0,latent_deficiency,iron_deficiency
P000275,67,F,85.9,3.01,26.5,87.9,28.5,319.8,17.6,223,5.94,1.6,18.1,2.7,3.81,62.1,59.4,4.3,,20.8,699,,,,1.8,,,0.24,1.4,,,,2.11,38.8,180,,1.64,1,1,0,1,0,0,0,1,mixed_deficiency,iron_folate
P000276,60,F,126.9,4.43,39.3,87.9,28.6,329.1,12.9,288,6.04,,40.3,11.6,2.79,82.5,70.9,14.1,6.39,,,,0.148,,12.6,,,,2.2,,56,120,3.61,40.8,,,0.72,0,1,0,0,0,0,0,0,latent_deficiency,iron_deficiency
P000277,27,F,128.3,5.11,42.2,82.1,25.1,305.1,15.3,322,8.0,1.3,4.1,,,,,,,,334,,,,,,21.2,,3.5,,68,113,,,,,,0,1,0,0,0,0,0,0,latent_deficiency,iron_deficiency
P000278,36,F,143.9,5.22,46.0,87.6,27.6,312.0,15.3,257,5.78,,,,,,,,,,,,0.223,25.6,4.3,,19.0,,,2,,,,,,5.8,1.88,0,0,0,1,0,0,0,0,folate_deficiency_no_anemia,folate_deficiency
P000279,25,M,95.4,4.13,29.1,70.4,23.1,326.0,20.1,347,10.58,1.5,9.3,9.8,3.51,73.5,63.7,13.3,,29.4,393,,,8.7,,,,,,8,,,1.59,40.9,217,,1.52,1,1,0,0,0,0,0,0,iron_deficiency_anemia,iron_deficiency
P000280,77,M,107.4,3.31,34.7,104.0,32.4,306.3,18.8,241,4.56,0.5,126.5,,,,,,,,162,,,,,,,,1.3,,94,78,,40.4,442,8.5,0.86,1,0,1,0,0,0,0,0,B12_deficiency_anemia,B12_deficiency
P000281,49,F,140.7,4.66,42.9,91.7,30.2,327.4,13.1,291,5.57,1.2,,,,,,,,,,,,,,54.7,,,0.7,12,,,,39.8,,,,0,0,0,0,0,0,0,0,no_anemia_no_deficiency,none
P000282,30,F,123.0,3.92,36.8,94.1,31.4,334.8,13.5,227,6.63,,134.4,,,,,,1.95,,,,,,,44.8,,,,11,60,125,2.32,,,,,0,0,0,0,0,0,0,0,no_anemia_no_deficiency,none
P000283,44,F,114.9,4.62,38.0,82.8,24.9,301.9,19.0,184,6.15,,61.8,,,,,,,,251,,0.212,15.1,10.7,14.0,,,0.3,,55,124,,42.5,,,,1,0,0,0,1,0,0,0,B6_deficiency,B6_deficiency
P000284,59,F,137.9,4.96,41.3,83.5,27.8,332.9,13.1,152,5.27,,171.9,13.9,2.8,68.2,54.3,20.4,,,,,,12.2,,,,,,,,,,,,2.3,,0,0,0,0,0,0,0,0,no_anemia_no_deficiency,none
P000285,61,F,81.4,2.13,24.2,112.6,38.3,342.5,16.0,270,6.28,0.8,129.9,22.3,2.92,72.5,50.2,30.8,,,486,,,,1.6,,,,,8,,,2.0,,,6.8,,1,0,0,1,0,0,0,0,folate_deficiency_anemia,folate_deficiency
P000286,50,F,127.0,4.13,37.7,91.2,30.8,339.6,14.2,209,7.36,,,18.5,3.07,76.5,58.0,24.2,,,,,,,,,14.0,,1.3,,,,,,,,,0,0,0,0,0,0,0,0,no_anemia_no_deficiency,none
P000287,56,M,104.4,4.07,34.7,85.0,25.7,300.1,20.7,266,6.15,,15.1,6.8,3.09,90.1,83.3,7.5,3.47,,111,20.7,0.662,39.9,6.8,,,,1.0,,,,1.7,,,19.5,,1,1,1,0,0,0,0,1,mixed_deficiency,iron_B12
P000288,72,M,111.3,4.69,35.7,76.3,23.7,315.8,15.0,265,8.33,0.5,25.2,24.7,2.56,70.4,45.7,35.1,1.35,,515,,0.157,,12.6,,,,4.8,8,306,38,2.17,43.9,299,4.6,1.26,1,0,0,0,0,0,0,0,anemia_other,undetermined
P000289,52,M,121.1,4.47,38.1,84.8,27.1,320.2,14.7,543,8.26,,125.9,10.5,2.27,53.4,42.9,19.7,,,760,,,,,,,,180.0,111,,,1.43,36.9,,,,1,0,0,0,0,0,1,0,inflammation_anemia,inflammation
P000290,70,F,117.3,4.63,36.6,78.2,25.3,317.6,15.6,248,9.0,,199.9,,,,,,,27.8,,65.9,0.189,12.5,14.3,,,,57.2,52,,,,32.6,170,,2.06,1,0,0,0,0,0,1,0,inflammation_anemia,inflammation
P000291,78,F,85.6,3.02,26.2,87.1,28.4,323.3,16.6,245,7.91,,77.1,18.9,2.52,74.0,55.1,25.5,,,,,,,10.5,,,0.22,,10,,,,39.1,167,5.3,1.13,1,0,0,0,0,0,0,0,anemia_other,undetermined
P000292,20,F,142.6,5.37,43.1,79.7,26.5,329.1,13.7,241,4.07,,26.0,9.9,3.39,82.7,72.8,12.0,4.02,,251,,,,,,,,,5,,,1.16,44.2,,,1.66,0,1,0,0,0,0,0,0,latent_deficiency,iron_deficiency
P000293,67,M,121.2,3.56,35.8,101.3,34.1,334.0,22.4,156,3.96,,85.3,24.0,2.1,59.1,35.1,40.6,1.31,,155,,,,11.4,,,,,,94,71,,41.3,,12.1,,1,0,1,0,0,0,0,0,B12_deficiency_anemia,B12_deficiency
P000294,47,F,99.2,3.49,29.3,83.8,28.4,336.6,15.7,176,7.36,0.8,30.8,11.0,3.91,66.9,55.9,16.4,3.06,,657,,0.171,,,,,,0.9,7,,,,40.5,,,,1,1,0,0,0,0,0,0,iron_deficiency_anemia,iron_deficiency
P000295,35,F,95.0,2.89,28.3,97.6,32.8,329.5,16.1,131,6.75,,,,,,,,,,,,,27.4,5.0,,,,0.5,,70,106,2.59,45.3,490,,0.71,1,0,1,0,0,0,0,0,B12_deficiency_anemia,B12_deficiency
P000296,21,F,107.8,2.9,32.9,113.5,37.2,329.3,21.6,228,5.83,1.5,131.2,21.2,2.39,78.6,57.4,27.0,,34.2,,10.6,1.211,39.2,5.0,,16.7,,0.3,2,57,124,0.34,41.1,260,14.5,0.92,1,0,1,0,0,0,0,0,B12_deficiency_anemia,B12_deficiency
P000297,69,F,141.8,4.46,46.1,103.0,31.8,309.0,16.1,252,7.19,,,,,,,,,34.7,172,,,29.6,7.2,,,0.21,2.6,,78,90,1.62,,,9.7,,0,0,1,0,0,0,0,0,B12_deficiency_no_anemia,B12_deficiency
P000298,52,M,141.2,4.57,44.3,95.9,30.9,325.0,12.9,268,4.07,,,,,,,,0.87,,484,119.9,,,,,,0.23,12.2,,,,1.92,44.5,,,,0,0,0,0,0,0,0,0,no_anemia_no_deficiency,none
P000299,48,M,96.3,3.36,28.5,84.2,28.7,339.5,16.5,295,3.61,,136.5,,,,,,,34.3,399,88.1,,,,22.0,17.6,0.22,0.9,16,,,,44.1,250,,,1,0,0,0,1,0,0,0,B6_deficiency,B6_deficiency
P000300,36,M,162.2,5.53,48.0,86.4,29.4,337.3,15.6,381,6.03,,30.6,12.1,3.13,85.1,73.0,14.2,,,764,123.6,,,,80.2,,,2.6,,,,1.31,43.7,,,,0,1,0,0,0,0,0,0,latent_deficiency,iron_deficiency
P000301,75,M,96.1,3.83,30.5,79.3,25.1,318.1,15.2,309,5.49,0.8,44.8,26.9,2.43,81.7,54.8,32.9,2.38,,,,,14.5,3.9,12.6,,,1.3,16,75,80,2.7,,199,,1.27,1,0,0,0,1,0,0,0,B6_deficiency,B6_deficiency
P000302,73,M,152.6,6.14,48.7,79.3,24.9,316.0,14.8,400,5.66,,19.1,,,,,,,,,,,,6.0,,,0.23,,8,84,80,,43.9,,,,0,1,0,0,0,0,0,0,latent_deficiency,iron_deficiency
P000303,79,F,134.9,4.22,38.1,90.1,32.0,354.9,14.7,134,4.81,,59.1,11.9,2.44,50.4,38.5,23.6,,,,,,,11.1,,,,,7,70,85,,,,,0.91,0,0,0,0,0,0,0,0,no_anemia_no_deficiency,none
P000304,61,F,86.4,2.24,26.8,119.3,38.6,321.9,15.4,338,3.31,1.1,175.0,16.8,3.05,76.1,59.3,22.1,2.11,30.8,245,23.3,0.57,,,,,,,3,82,95,1.01,,,15.2,0.36,1,0,1,1,0,0,0,1,mixed_deficiency,B12_folate
P000305,76,F,108.1,4.66,33.1,71.7,23.2,320.1,14.2,249,7.44,,120.4,,,,,,1.85,,443,,,,4.3,17.6,,,7.0,,75,90,1.82,49.2,266,10.2,,1,0,0,0,1,0,0,0,B6_deficiency,B6_deficiency
P000306,66,M,174.8,5.85,51.7,88.7,29.9,339.3,13.9,317,7.31,1.3,,,,,,,,,370,,,,15.3,,,,1.1,,98,84,,,,,,0,0,0,0,0,0,0,0,no_anemia_no_deficiency,none
P000307,83,F,105.4,3.65,34.0,92.6,28.9,310.3,18.0,330,5.99,,8.2,10.7,3.28,94.0,83.3,11.4,,,94,,,23.2,,,13.6,,1.2,,76,90,1.29,,212,17.8,0.82,1,1,1,0,0,0,0,1,mixed_deficiency,iron_B12
P000308,87,M,106.1,3.34,32.2,96.3,31.8,321.7,14.4,403,5.64,1.5,125.2,,,,,,,,449,,0.186,,,,,,3.5,,107,70,,41.0,240,,,1,0,0,0,0,0,0,0,anemia_other,undetermined
P000309,21,F,93.7,3.09,29.0,93.5,30.3,323.4,,277,6.11,0.5,,,,,,,,,537,,0.195,,,,,,10.5,32,48,125,,40.9,276,,1.5,1,0,0,0,0,0,1,0,inflammation_anemia,inflammation
P000310,77,F,104.5,4.66,31.4,67.5,22.4,335.0,24.0,440,8.02,,8.3,,,,,,,,,,,,,,,,,24,,,1.34,44.1,195,12.8,,1,1,0,0,0,0,0,0,iron_deficiency_anemia,iron_deficiency
P000311,53,F,106.6,3.1,32.2,104.9,34.4,328.5,21.3,288,4.05,1.8,69.2,,,,,,,,134,19.9,,,,,21.9,0.37,1.5,10,,,1.1,42.0,353,26.9,0.31,1,0,1,0,0,0,0,0,B12_deficiency_anemia,B12_deficiency
P000312,46,F,84.0,3.11,25.2,81.8,27.1,330.2,20.5,394,7.78,1.0,13.6,5.3,3.83,64.1,58.8,8.3,,,465,,,23.0,1.7,,,0.22,0.8,,77,99,1.7,44.4,214,6.8,1.88,1,1,0,1,0,0,0,1,mixed_deficiency,iron_folate
P000313,52,F,140.0,5.0,42.9,85.2,28.0,327.8,12.6,266,7.68,1.1,,,,,,,1.49,35.6,,,,12.0,,70.7,,,2.9,10,,,,,229,14.0,,0,0,0,0,0,0,0,0,no_anemia_no_deficiency,none
P000314,50,F,141.6,4.93,42.3,86.6,28.7,331.6,15.6,225,4.87,,,14.2,2.99,53.6,39.4,26.5,,,274,33.8,0.59,27.6,5.8,,,,,,,,,40.4,,6.6,,0,0,1,0,0,0,0,0,B12_deficiency_no_anemia,B12_deficiency
P000315,55,M,111.5,4.7,35.2,74.6,23.7,318.8,15.3,523,9.27,1.3,,7.2,2.36,50.8,43.6,14.2,2.08,,276,122.3,0.239,,11.6,,,,21.5,37,96,73,1.69,36.9,,3.2,1.06,1,0,0,0,0,0,1,0,inflammation_anemia,inflammation
P000316,65,F,52.3,3.14,19.1,60.3,16.7,272.4,23.4,363,6.67,1.2,6.5,4.8,3.67,72.1,67.3,6.7,,,,,,13.0,11.6,,,,,19,64,109,,,,,1.5,1,1,0,0,0,0,0,0,iron_deficiency_anemia,iron_deficiency
P000317,67,M,115.3,4.23,36.9,87.4,27.3,318.2,15.0,225,4.25,,113.7,14.7,2.99,61.9,47.2,23.7,1.45,35.7,,,,,12.6,,17.8,,1.1,,,,2.77,43.4,,12.7,1.66,1,0,0,0,0,0,0,0,anemia_other,undetermined
P000318,56,M,132.9,4.86,42.7,87.7,27.4,310.7,14.3,295,4.45,1.3,171.3,,,,,,,,,,,11.3,,81.6,7.0,0.15,,12,67,107,0.9,46.1,,,0.9,0,0,0,0,0,1,0,0,copper_deficiency,copper_deficiency
P000319,90,F,123.1,4.18,38.1,90.6,29.4,325.7,13.0,325,4.75,,,,,,,,,30.9,582,,0.218,,,,,,1.3,19,,,,46.6,153,,,0,0,0,0,0,0,0,0,no_anemia_no_deficiency,none
P000320,41,F,104.2,3.51,32.2,92.5,29.7,324.0,14.9,225,6.42,1.0,,26.8,2.09,67.0,40.2,40.0,,,424,116.2,0.578,,3.6,,,,,2,134,34,,38.4,,4.8,2.05,1,0,0,0,0,0,0,0,anemia_other,undetermined
P000321,72,M,100.7,2.89,31.1,107.5,34.8,326.4,17.5,139,4.04,,59.7,,,,,,0.84,32.9,396,,0.191,,2.1,,,,1.0,,69,103,,,229,4.2,1.48,1,0,0,1,0,0,0,0,folate_deficiency_anemia,folate_deficiency
P000322,88,F,111.0,3.91,35.2,90.4,28.4,316.2,13.2,255,6.54,,155.5,,,,,,,32.3,348,95.3,,,,45.9,13.3,0.4,9.3,,257,23,0.6,,,13.5,,1,0,0,0,0,0,0,0,anemia_other,undetermined
P000323,78,F,85.5,3.17,25.6,82.0,27.0,335.0,16.5,166,5.18,,12.2,5.4,3.2,65.4,60.0,8.3,,,317,,,11.9,11.7,,,,0.2,,64,89,2.96,42.5,163,10.0,1.66,1,1,0,0,0,0,0,0,iron_deficiency_anemia,iron_deficiency
P000324,46,F,88.5,2.83,25.8,91.5,31.3,342.5,15.5,274,4.13,1.3,,,,,,,,,303,,,12.9,,38.6,5.5,0.17,0.5,3,,,,39.1,195,,,1,0,0,0,0,1,0,0,copper_deficiency,copper_deficiency
P000325,67,M,121.6,4.27,36.0,84.0,28.5,334.8,17.3,293,7.31,1.3,5.7,9.3,3.33,95.2,85.9,9.8,4.42,,392,,,,14.0,,,0.21,2.0,,,,3.14,39.2,,,1.66,1,1,0,0,0,0,0,0,iron_deficiency_anemia,iron_deficiency
P000326,47,F,138.5,5.14,42.5,82.4,26.9,320.2,13.4,245,4.84,,,15.2,2.53,64.2,49.0,23.7,,,,,,,5.2,,,,,8,,,,,,,0.84,0,0,0,0,0,0,0,0,no_anemia_no_deficiency,none
P000327,34,F,79.0,2.02,24.0,118.8,39.2,334.0,15.2,302,2.9,0.9,75.8,,,,,,,30.6,119,,,40.6,6.9,,,,1.6,6,76,110,0.46,38.6,456,25.1,0.94,1,0,1,0,0,0,0,0,B12_deficiency_anemia,B12_deficiency
P000328,51,F,142.3,5.09,44.8,89.2,28.0,319.6,14.1,227,6.17,,44.4,21.7,2.07,62.9,41.2,34.5,,,205,,0.257,,6.7,,,,13.4,,63,117,6.22,39.8,,,2.0,0,0,0,0,0,0,0,0,no_anemia_no_deficiency,none
P000329,51,F,104.2,3.61,31.0,86.7,28.9,337.4,18.4,180,3.5,,7.5,9.8,3.23,83.8,74.0,11.7,,,,,0.366,,15.9,,,,2.7,5,48,125,,,,,,1,1,1,0,0,0,0,1,mixed_deficiency,iron_B12
P000330,59,M,139.1,3.94,42.4,107.9,35.3,327.4,16.2,249,6.73,1.2,174.2,,,,,,,,164,,,,4.2,,,,2.2,10,,,,42.0,,,,0,0,1,0,0,0,0,0,B12_deficiency_no_anemia,B12_deficiency
P000331,84,F,102.1,4.21,32.3,77.9,24.3,316.0,13.4,377,10.84,0.7,,4.1,2.47,48.2,44.1,8.5,1.46,,433,,,,9.0,,,,31.0,30,71,82,3.69,36.9,,11.9,1.33,1,0,0,0,0,0,1,0,inflammation_anemia,inflammation
P000332,70,F,107.4,4.13,34.2,82.7,26.0,312.4,18.0,344,6.47,,284.0,15.6,2.7,63.7,48.1,24.5,1.97,,827,,,,,7.0,,,6.7,,65,103,,,220,13.6,,1,0,0,0,1,0,0,0,B6_deficiency,B6_deficiency
P000333,44,F,104.0,3.96,33.1,84.0,26.3,309.9,17.8,280,6.43,,14.2,5.3,3.45,76.4,71.1,6.9,,,,,0.103,11.1,7.2,,,,1.5,5,,,,43.8,265,,1.17,1,1,0,0,0,0,0,0,iron_deficiency_anemia,iron_deficiency
P000334,84,F,125.1,4.91,39.4,79.9,25.5,319.6,,340,5.67,1.6,21.9,9.3,3.54,96.7,87.4,9.6,,,,110.7,,,,,,,,18,64,90,,,,,,0,1,0,0,0,0,0,0,latent_deficiency,iron_deficiency
P000335,61,M,88.9,2.56,28.4,111.4,34.7,318.3,18.1,167,3.78,1.8,106.0,25.1,2.3,61.0,35.9,41.1,,,148,,,24.4,,,,,1.0,5,80,87,1.92,38.8,332,,0.47,1,0,1,0,0,0,0,0,B12_deficiency_anemia,B12_deficiency
P000336,85,M,110.7,4.24,34.9,82.2,26.1,322.6,16.1,259,3.15,0.7,,,,,,,1.28,35.2,,,,,6.0,,11.2,,,13,105,57,2.98,49.3,219,2.3,,1,0,0,0,0,1,0,0,copper_deficiency,copper_deficiency
P000337,46,F,128.0,3.6,37.4,103.9,35.5,345.9,13.4,156,7.46,,71.2,27.2,2.85,69.1,41.9,39.4,,,,,,32.1,4.0,,,,0.5,,71,110,1.39,,,,1.4,0,0,0,1,0,0,0,0,folate_deficiency_no_anemia,folate_deficiency
P000338,70,M,103.8,3.42,32.5,96.6,30.4,314.3,20.5,183,6.75,1.0,19.4,3.8,4.09,75.2,71.4,5.1,5.54,,,33.7,1.227,,,,13.7,,,13,66,107,3.67,36.4,287,,0.64,1,1,1,0,0,0,0,1,mixed_deficiency,iron_B12
P000339,21,F,141.2,4.56,41.5,91.5,30.9,340.8,14.6,303,7.78,2.1,20.1,,,,,,3.32,,,,,,4.2,,,0.38,,3,,,2.48,37.9,,9.3,,0,1,0,0,0,0,0,0,latent_deficiency,iron_deficiency
P000340,68,F,86.7,2.65,26.9,102.1,32.7,324.0,24.7,230,5.12,1.5,47.2,21.5,2.83,56.7,35.2,37.9,,,187,10.1,,,2.4,,,,10.9,,62,95,,38.6,455,18.0,0.73,1,0,1,1,0,0,0,1,mixed_deficiency,B12_folate
P000341,54,M,99.9,3.81,30.7,80.9,26.2,327.7,17.1,376,5.47,,10.2,4.6,4.27,89.2,84.6,5.2,,,377,110.1,0.25,,13.4,,14.1,,1.9,4,,,2.61,,,3.0,,1,1,0,0,0,0,0,0,iron_deficiency_anemia,iron_deficiency
P000342,51,F,115.2,2.98,34.9,117.1,38.6,330.6,19.2,217,4.3,0.7,41.0,14.7,2.61,63.2,48.5,23.3,,,137,,0.491,33.0,,,,0.31,,2,,,1.57,43.5,364,31.2,,1,0,1,1,0,0,0,1,mixed_deficiency,B12_folate
P000343,42,F,96.6,3.43,30.9,90.7,28.2,312.1,22.7,107,4.24,0.7,6.6,11.7,3.93,93.3,81.6,12.5,,,696,,,21.8,1.8,,,,1.2,2,58,125,,46.0,,,1.59,1,1,0,1,0,0,0,1,mixed_deficiency,iron_folate
P000344,73,M,151.8,4.95,44.6,90.3,30.7,344.8,14.3,269,8.79,1.2,,11.7,2.4,58.9,47.2,19.9,,,,107.2,,9.8,,,,,2.2,8,88,80,3.38,,,14.3,,0,0,0,0,0,0,0,0,no_anemia_no_deficiency,none
P000345,93,F,103.0,2.91,32.2,109.9,35.5,316.6,18.2,203,5.11,,51.0,,,,,,,36.0,125,,,,7.7,,,,,23,,,1.75,37.4,508,,0.17,1,0,1,0,0,0,0,0,B12_deficiency_anemia,B12_deficiency
P000346,40,M,135.1,4.19,41.3,97.5,32.3,328.4,14.4,294,8.28,1.7,,,,,,,,,,,,,2.7,,,,,,,,,,189,,1.1,0,0,0,1,0,0,0,0,folate_deficiency_no_anemia,folate_deficiency
P000347,38,F,85.9,2.64,27.1,101.9,32.5,315.8,15.2,278,8.51,,43.2,6.7,2.93,52.4,45.7,12.8,,,,72.3,,,2.9,47.9,,,1.5,,,,,,177,,,1,1,0,1,0,0,0,1,mixed_deficiency,iron_folate
P000348,32,F,135.0,4.81,42.3,87.6,28.1,318.0,13.2,314,4.34,,84.4,20.1,2.23,59.7,39.6,33.7,,,,,,,7.7,,,,0.9,,80,108,,46.8,,,,0,0,0,0,0,0,0,0,no_anemia_no_deficiency,none
P000349,79,M,103.0,4.06,34.1,84.0,25.4,300.5,20.4,145,6.93,1.3,3.3,8.6,3.63,73.6,65.0,11.7,,,,,,9.7,,,,,,9,116,55,1.59,36.0,,6.8,1.26,1,1,0,0,0,0,0,0,iron_deficiency_anemia,iron_deficiency
P000350,65,F,114.6,3.91,35.9,92.1,29.3,322.8,19.3,221,4.7,1.7,,13.4,2.93,74.7,61.3,17.9,2.27,20.7,193,23.8,0.649,19.1,15.3,,,,0.8,8,73,93,,45.1,281,8.0,0.34,1,1,1,0,0,0,0,1,mixed_deficiency,iron_B12
P000351,42,F,116.2,4.59,38.3,84.1,25.3,303.7,12.5,549,5.16,,240.7,4.2,1.94,44.6,40.4,9.4,,,590,103.9,0.184,,,,,,19.5,24,58,125,,30.3,,5.8,,1,0,0,0,0,0,1,0,inflammation_anemia,inflammation
P000352,41,F,113.5,3.41,34.4,101.9,33.3,325.7,20.0,93,6.76,0.6,,,,,,,,,155,23.9,0.892,,7.3,,,,,,51,125,,42.7,312,24.6,0.49,1,0,1,0,0,0,0,0,B12_deficiency_anemia,B12_deficiency
P000353,80,F,90.1,3.35,28.3,84.9,26.9,327.8,14.8,380,11.49,0.3,212.3,9.5,2.67,56.0,46.5,17.0,,,277,,0.24,12.9,4.8,,17.4,,10.5,12,79,75,1.52,,,6.4,,1,0,0,0,0,0,1,0,inflammation_anemia,inflammation
P000354,84,F,138.8,5.41,42.9,80.3,25.6,323.8,15.9,270,7.4,1.1,6.7,4.5,3.06,83.1,78.6,5.4,,,,,0.153,,,,,,3.5,,,,,39.2,,,1.94,0,1,0,0,0,0,0,0,latent_deficiency,iron_deficiency
P000355,40,M,119.0,3.68,36.3,98.9,32.4,328.8,18.0,177,4.24,,,27.4,2.66,66.6,39.2,41.1,2.03,31.3,,,,39.5,,,,,1.5,13,72,109,1.96,38.9,,24.3,,1,0,1,0,0,0,0,0,B12_deficiency_anemia,B12_deficiency
P000356,74,M,153.1,5.11,45.6,89.5,30.0,336.6,11.8,186,4.36,,74.1,,,,,,1.4,,,,,,6.7,,12.6,0.25,1.3,5,,,2.67,41.8,,,,0,0,0,0,0,0,0,0,no_anemia_no_deficiency,none
P000357,43,F,152.1,4.97,47.1,94.1,30.6,325.1,13.2,314,9.24,1.3,164.7,,,,,,,,,,,13.3,,,,,,,,,,,,,1.84,0,0,0,0,0,0,0,0,no_anemia_no_deficiency,none
P000358,49,F,90.1,4.27,31.8,74.4,21.1,284.2,,405,9.82,,,18.8,2.4,50.0,31.2,37.6,,,248,102.8,0.151,10.6,7.8,12.2,,,,9,,,,,,8.8,0.95,1,0,0,0,1,0,0,0,B6_deficiency,B6_deficiency
P000359,69,M,92.3,3.25,27.9,85.6,28.4,328.7,14.5,186,7.06,,117.1,,,,,,,,370,,,,,,,,,9,118,42,,40.1,,12.4,2.02,1,0,0,0,0,0,0,0,anemia_other,undetermined
P000360,70,F,91.7,3.03,27.7,92.0,30.2,331.7,20.0,247,6.37,0.5,,,,,,,,,537,84.1,,23.3,4.3,,,,,,60,101,1.63,41.1,,8.5,1.0,1,0,0,1,0,0,0,0,folate_deficiency_anemia,folate_deficiency
P000361,71,F,135.8,4.15,42.3,102.5,32.8,321.6,12.4,348,4.2,1.2,,,,,,,,,,118.6,,,2.0,,,,0.6,,66,109,,,,,,0,0,0,1,0,0,0,0,folate_deficiency_no_anemia,folate_deficiency
P000362,82,M,95.3,3.65,29.8,82.8,26.1,325.1,19.5,347,1.9,1.3,52.0,14.2,2.72,65.2,51.0,21.8,2.21,,299,,0.151,,,,11.8,0.21,1.4,4,,,2.04,44.2,194,,1.65,1,0,0,0,0,1,0,0,copper_deficiency,copper_deficiency
P000363,46,F,110.8,4.5,35.5,79.1,24.6,316.0,14.4,417,8.53,,248.2,,,,,,1.65,25.8,,,,14.1,,,,,66.5,60,75,109,2.91,39.5,230,,1.63,1,0,0,0,0,0,1,0,inflammation_anemia,inflammation
P000364,28,F,87.0,3.55,28.4,80.2,24.5,310.3,13.9,264,3.5,0.7,,15.4,1.98,54.8,39.4,28.1,,,,,0.224,12.1,,,12.2,,0.8,18,71,115,,40.6,199,,1.11,1,0,0,0,0,1,0,0,copper_deficiency,copper_deficiency
P000365,93,F,107.1,3.89,34.4,89.2,27.6,312.7,20.4,353,6.68,0.4,,,,,,,,,397,,,,1.9,,22.7,,1.8,,65,74,,38.2,,,,1,1,0,1,0,0,0,1,mixed_deficiency,iron_folate
P000366,45,F,140.0,5.43,45.0,85.0,25.8,309.3,12.7,256,6.27,1.9,,15.8,2.57,70.6,54.8,22.4,,,,,,,,,,,,,,,0.53,40.5,166,9.7,,0,0,0,0,0,0,0,0,no_anemia_no_deficiency,none
P000367,69,M,95.1,3.28,30.6,94.2,29.0,311.9,16.0,254,3.41,,,24.2,2.48,70.1,45.9,34.5,1.4,32.9,249,24.3,0.717,31.1,8.7,,,,,,74,91,1.68,,,12.0,0.58,1,0,1,0,0,0,0,0,B12_deficiency_anemia,B12_deficiency
P000368,82,F,134.1,4.42,40.2,90.5,30.3,331.8,13.3,348,6.68,,107.9,,,,,,,31.6,281,105.0,,,7.7,,,,1.2,18,58,99,1.39,45.8,,,,0,0,0,0,0,0,0,0,no_anemia_no_deficiency,none
P000369,79,F,85.3,2.81,26.9,94.5,30.4,314.3,15.4,278,5.96,0.7,26.6,17.9,2.68,68.9,51.0,26.0,1.6,,463,,0.23,,3.4,,,,0.8,,64,106,,42.3,,9.8,1.24,1,0,0,1,0,0,0,0,folate_deficiency_anemia,folate_deficiency
P000370,69,F,88.8,4.97,29.7,59.5,17.9,297.6,15.5,276,6.76,0.4,8.2,4.1,3.72,73.5,69.4,5.6,,,472,,,7.9,11.6,,,0.29,0.6,,,,,40.1,,8.2,,1,1,0,0,0,0,0,0,iron_deficiency_anemia,iron_deficiency
P000371,48,M,114.0,3.21,35.8,110.5,35.5,320.7,16.2,95,4.96,0.9,,23.7,2.63,74.1,50.4,32.0,,31.9,100,22.8,,,,65.8,,,,,88,93,,,,21.9,0.68,1,0,1,0,0,0,0,0,B12_deficiency_anemia,B12_deficiency
P000372,22,F,99.3,3.16,31.0,98.4,31.4,315.1,22.6,241,6.3,1.1,42.8,,,,,,,,243,,0.584,21.7,5.0,,,,1.2,,,,2.06,,423,19.1,,1,0,1,0,0,0,0,0,B12_deficiency_anemia,B12_deficiency
P000373,33,F,85.9,3.04,26.6,87.1,28.2,314.7,15.2,186,4.43,1.3,8.8,7.6,3.43,78.7,71.1,9.7,,,705,,,20.1,2.2,43.2,17.0,0.41,2.3,2,,,2.04,,,5.7,,1,1,0,1,0,0,0,1,mixed_deficiency,iron_folate
P000374,75,F,124.1,5.9,40.8,69.2,21.0,306.0,15.3,262,7.92,,,,,,,,,,,,,9.1,,6.8,,,,,,,2.93,38.3,,,,0,0,0,0,1,0,0,0,B6_deficiency,B6_deficiency
P000375,44,F,113.7,4.72,37.2,79.0,24.1,313.7,16.0,278,5.18,1.5,284.7,7.7,1.96,49.5,41.8,15.6,,,325,,,,,,,0.44,82.2,44,78,93,0.74,33.3,155,2.4,,1,0,0,0,0,0,1,0,inflammation_anemia,inflammation
P000376,47,F,84.8,2.87,26.3,91.8,29.6,326.7,13.2,271,5.22,,,,,,,,2.21,,,,,9.2,11.9,37.4,23.3,,10.0,,71,108,1.97,43.8,180,6.9,,1,0,0,0,0,0,0,0,anemia_other,undetermined
P000377,75,F,89.8,2.27,27.5,121.3,39.6,326.4,,269,4.07,,,,,,,,1.4,,87,,0.634,,5.7,,,,5.5,8,77,79,1.05,41.6,493,13.3,0.33,1,0,1,0,0,0,0,0,B12_deficiency_anemia,B12_deficiency
P000378,77,M,119.6,4.5,36.1,80.1,26.6,326.1,14.2,417,6.73,,,7.3,1.97,43.9,36.6,16.6,2.04,,,,,,,,19.4,,51.0,42,77,82,2.96,35.7,211,,1.08,1,0,0,0,0,0,1,0,inflammation_anemia,inflammation
P000379,84,M,103.0,3.32,30.6,92.8,31.1,333.4,15.2,469,7.61,,228.2,8.5,2.03,53.4,44.9,15.9,,,,,,,,,,,41.4,38,79,79,,34.2,244,,,1,0,0,0,0,0,1,0,inflammation_anemia,inflammation
P000380,41,F,126.9,4.51,40.5,89.6,28.1,315.2,14.2,236,3.95,,357.0,13.9,2.31,49.3,35.4,28.2,,,164,,1.125,33.4,15.4,,,,,,,,,,,,,0,0,1,0,0,0,0,0,B12_deficiency_no_anemia,B12_deficiency
P000381,55,F,102.8,3.23,30.3,93.6,31.8,335.5,13.8,229,6.7,,24.0,17.9,3.03,43.8,25.9,40.9,,28.7,,,,31.1,4.2,,,,,9,68,112,1.77,42.1,,,,1,0,0,1,0,0,0,0,folate_deficiency_anemia,folate_deficiency
P000382,76,F,116.6,4.73,40.3,85.8,24.6,289.1,15.7,418,5.88,,,9.2,3.44,68.9,59.7,13.4,4.69,23.9,,,,13.8,,,21.7,,,,,,0.82,40.8,204,,0.73,1,1,0,0,0,0,0,0,iron_deficiency_anemia,iron_deficiency
P000383,85,F,97.3,3.37,33.1,96.6,28.9,294.3,12.5,338,2.04,,91.5,,,,,,,29.4,525,,,,,28.5,9.2,,5.1,9,73,89,2.99,49.2,,,,1,0,0,0,0,1,0,0,copper_deficiency,copper_deficiency
P000384,54,F,85.5,3.2,27.0,84.0,26.7,315.1,16.9,509,13.1,0.5,8.9,,,,,,,23.7,376,,0.113,,13.6,,15.2,,0.5,,91,91,,45.6,,,,1,1,0,0,0,0,0,0,iron_deficiency_anemia,iron_deficiency
P000385,79,M,114.2,4.41,36.9,84.5,25.9,307.5,14.8,252,8.07,,41.9,6.3,2.25,57.6,51.3,10.9,,,448,,,,,,19.9,,2.4,16,81,83,1.22,38.6,197,,,1,1,0,0,0,0,0,0,iron_deficiency_anemia,iron_deficiency
P000386,39,F,121.7,3.4,35.6,105.1,35.8,339.6,18.1,163,3.58,1.7,62.9,,,,,,,,142,,,,,67.7,,,,10,61,124,0.82,42.9,,,,0,0,1,0,0,0,0,0,B12_deficiency_no_anemia,B12_deficiency
P000387,73,F,82.8,3.13,26.6,85.2,26.5,313.1,16.4,261,5.16,1.1,121.4,13.2,2.49,54.9,41.7,24.0,,32.6,,121.3,,,,,14.3,,4.0,,69,93,0.94,,222,,,1,0,0,0,0,0,0,0,anemia_other,undetermined
P000388,57,F,83.9,3.21,27.2,85.2,26.2,310.3,13.3,210,6.35,0.6,,25.9,2.81,68.0,42.1,38.1,,,,,,,,71.6,,,2.8,3,75,100,,,,,1.75,1,0,0,0,0,0,0,0,anemia_other,undetermined
P000389,90,M,145.9,4.86,43.8,89.9,30.0,334.8,11.6,368,9.05,,,,,,,,1.32,,428,,,,,,,,,,,,,,,,,0,0,0,0,0,0,0,0,no_anemia_no_deficiency,none
P000390,79,F,144.8,5.02,43.7,86.7,28.8,336.5,14.4,310,6.84,,,25.1,2.48,60.1,35.0,41.8,,,,,,15.3,,,,0.33,7.9,16,,,,,214,,,0,0,0,0,0,0,0,0,no_anemia_no_deficiency,none
P000391,54,F,132.8,4.21,41.1,97.7,31.6,321.6,12.3,184,4.94,,29.8,22.3,2.37,60.7,38.4,36.7,,32.8,550,55.3,,,,,,,,5,68,98,,,,,,0,0,0,1,0,0,0,0,folate_deficiency_no_anemia,folate_deficiency
P000392,83,F,128.0,4.82,39.8,82.5,26.5,319.9,11.4,258,5.71,,140.0,,,,,,,30.0,,75.7,,,,,,,1.1,17,82,78,3.07,42.1,220,6.9,,0,0,0,0,0,0,0,0,no_anemia_no_deficiency,none
P000393,31,F,115.1,3.47,37.1,107.3,33.2,304.9,14.3,151,5.13,0.9,136.1,,,,,,,31.5,,102.3,,9.8,9.7,,5.4,0.11,1.8,,61,125,,49.4,174,,1.84,1,0,0,0,0,1,0,0,copper_deficiency,copper_deficiency
P000394,65,M,147.5,6.09,48.6,78.9,24.2,306.5,13.8,302,6.11,,10.3,,,,,,3.92,,,,,,13.4,23.0,,,0.8,,74,81,,,,,2.07,0,1,0,0,0,0,0,0,latent_deficiency,iron_deficiency
P000395,55,M,120.4,3.25,36.6,111.4,37.1,331.1,17.0,246,4.19,1.0,,18.7,2.81,45.0,26.3,41.6,,32.0,285,42.7,0.17,,1.5,,,0.21,0.5,,67,100,3.33,38.5,216,,,1,0,0,1,0,0,0,0,folate_deficiency_anemia,folate_deficiency
P000396,54,F,89.5,3.37,27.9,82.5,26.6,320.8,13.2,279,7.53,,82.8,6.2,1.95,41.7,35.5,14.9,1.04,,661,,,9.1,15.0,,,,33.0,40,,,,,,,1.37,1,0,0,0,0,0,1,0,inflammation_anemia,inflammation
P000397,73,M,144.7,4.58,41.8,91.4,31.6,346.9,12.9,215,7.0,,,11.8,2.61,72.1,60.3,16.4,2.61,24.0,370,,0.231,,,,,,,,98,72,,44.7,,,,0,1,0,0,0,0,0,0,latent_deficiency,iron_deficiency
P000398,75,M,94.2,3.31,28.3,85.1,28.5,336.8,13.2,186,3.3,0.9,140.0,18.2,2.89,65.5,47.3,27.8,1.26,,312,,,7.9,4.0,,9.6,0.18,2.6,,81,74,1.92,44.5,188,,1.33,1,0,0,0,0,1,0,0,copper_deficiency,copper_deficiency
P000399,30,F,101.9,3.91,33.2,84.0,26.1,309.4,19.2,372,6.56,,12.0,10.3,3.6,98.1,87.8,10.5,,,411,,,,3.5,,,,3.2,,80,100,1.21,42.3,,5.7,,1,1,0,0,0,0,0,0,iron_deficiency_anemia,iron_deficiency
P000400,91,F,55.9,2.21,17.9,81.2,25.3,313.9,24.8,657,5.81,,7.4,4.2,3.25,72.8,68.6,5.8,3.3,,590,,,,,,,0.34,8.8,15,,,,45.1,,,0.83,1,1,0,0,0,0,0,0,iron_deficiency_anemia,iron_deficiency
P000401,76,F,109.9,3.87,34.5,88.8,28.4,319.9,12.3,191,5.84,1.3,69.4,,,,,,1.79,,,,,,10.9,,,0.26,,9,163,40,,,294,4.7,,1,0,0,0,0,0,0,0,anemia_other,undetermined
P000402,82,F,86.8,3.55,28.0,78.9,24.4,309.3,17.9,210,7.22,1.9,43.8,12.7,2.09,60.2,47.5,21.1,,,,,,,4.6,5.1,,,1.1,15,86,77,8.26,,311,,2.0,1,0,0,0,1,0,0,0,B6_deficiency,B6_deficiency
P000403,52,F,91.9,3.67,31.1,84.5,25.1,305.8,16.2,529,9.59,1.7,119.7,,,,,,,,339,,0.106,14.2,,,,,35.4,34,70,107,,36.2,,3.3,1.89,1,0,0,0,0,0,1,0,inflammation_anemia,inflammation
P000404,64,M,90.3,2.76,29.1,105.1,32.7,312.3,15.1,213,5.85,,141.0,,,,,,,,121,,,,13.8,,,,,8,,,2.39,38.9,,9.3,0.4,1,0,1,0,0,0,0,0,B12_deficiency_anemia,B12_deficiency
P000405,92,M,143.5,4.23,40.5,95.4,33.9,353.0,14.0,377,3.37,,104.3,,,,,,,,232,,0.149,14.3,,,13.5,0.23,1.4,16,,,,,,,1.67,0,0,0,0,0,0,0,0,no_anemia_no_deficiency,none
P000406,26,F,129.6,4.75,40.9,85.6,27.3,318.9,13.6,304,5.14,,7.1,5.6,3.43,69.9,64.3,8.0,3.62,,,,,,,,,,,,,,,,,,,0,1,0,0,0,0,0,0,latent_deficiency,iron_deficiency
P000407,18,F,108.9,3.74,33.3,89.5,29.1,321.0,,237,7.15,,128.4,,,,,,,,459,,,,6.2,81.4,20.0,,3.3,9,136,51,2.95,,,,,1,0,0,0,0,0,0,0,anemia_other,undetermined
P000408,82,M,98.9,3.44,30.9,91.2,28.8,323.1,20.1,378,5.16,1.4,71.6,16.3,2.45,72.3,56.0,22.5,1.7,,306,127.8,0.216,,13.7,83.8,11.1,0.19,5.6,11,109,70,,44.5,254,12.5,,1,0,0,0,0,1,0,0,copper_deficiency,copper_deficiency
P000409,61,M,115.7,4.21,36.3,86.8,27.5,316.1,14.6,282,4.6,1.6,97.6,15.7,2.89,70.0,54.3,22.4,,,950,,,,,,,,10.4,,124,69,,43.7,,9.4,,1,0,0,0,1,0,0,0,B6_deficiency,B6_deficiency
P000410,73,F,112.1,3.6,34.0,93.8,31.2,332.0,13.2,230,4.24,,,16.7,2.26,70.5,53.8,23.7,,,,,0.127,,,,,,,,76,87,,41.7,190,,1.98,1,0,0,0,0,0,0,0,anemia_other,undetermined
P000411,75,F,127.0,4.65,39.8,86.0,27.3,322.7,16.7,312,6.93,,21.3,8.6,3.2,105.3,96.7,8.2,,,333,82.3,,,14.2,,,,0.8,5,88,73,2.84,,193,6.6,2.04,0,1,0,0,0,0,0,0,latent_deficiency,iron_deficiency
P000412,74,M,99.4,3.4,30.9,90.1,29.2,321.8,16.3,364,4.85,0.9,36.4,12.4,2.75,80.4,68.0,15.4,4.1,,234,32.3,0.37,27.9,,,,,,,108,63,,41.0,347,,0.93,1,1,1,0,0,0,0,1,mixed_deficiency,iron_B12
P000413,73,F,127.4,3.63,37.3,103.1,35.1,337.0,12.9,229,5.23,,,16.0,2.58,65.4,49.4,24.5,2.16,,297,43.1,,,2.6,,,,,,,,,39.5,,,,0,0,0,1,0,0,0,0,folate_deficiency_no_anemia,folate_deficiency
P000414,80,M,142.8,5.35,44.8,82.9,26.7,319.1,15.1,317,5.73,1.4,5.5,7.4,3.3,100.0,92.6,7.4,,19.1,,,,,11.4,,,,3.2,,93,73,0.53,41.4,,,,0,1,0,0,0,0,0,0,latent_deficiency,iron_deficiency
P000415,18,F,132.5,3.98,40.9,101.9,33.3,327.5,14.8,208,5.24,0.6,360.0,21.0,2.71,69.8,48.8,30.1,,,102,,,,,,,,1.5,,68,115,,43.7,,,,0,0,1,0,0,0,0,0,B12_deficiency_no_anemia,B12_deficiency
P000416,65,F,93.4,4.12,31.1,75.1,22.7,305.0,14.9,400,8.15,1.0,216.4,4.9,2.44,46.4,41.5,10.6,,29.5,238,,0.263,8.5,12.7,,16.7,,78.1,50,91,80,,29.9,,,,1,0,0,0,0,0,1,0,inflammation_anemia,inflammation
P000417,84,F,102.6,4.14,35.8,85.5,24.8,285.0,16.6,667,11.47,1.1,17.0,8.8,3.12,58.8,50.0,15.0,3.02,,491,64.9,,,,,,,9.9,,92,68,,,,,,1,1,0,0,0,0,0,0,iron_deficiency_anemia,iron_deficiency
P000418,38,F,84.4,2.94,26.8,91.9,28.7,317.1,18.2,234,3.27,1.9,149.6,25.8,2.9,69.0,43.2,37.4,,,311,,0.207,13.2,4.0,,8.6,,1.2,,48,125,1.68,47.3,182,,1.43,1,0,0,0,0,1,0,0,copper_deficiency,copper_deficiency
P000419,47,F,140.0,4.84,44.6,92.1,28.9,316.0,17.6,160,6.13,,24.0,,,,,,,,104,,,,6.7,,,,,,,,,,,11.5,,0,0,1,0,0,0,0,0,B12_deficiency_no_anemia,B12_deficiency
P000420,47,F,74.4,2.31,22.6,97.7,32.3,323.0,20.5,262,4.32,1.7,93.5,,,,,,,32.4,183,,,,1.3,,,,3.1,,57,123,,44.4,583,24.6,0.7,1,0,1,1,0,0,0,1,mixed_deficiency,B12_folate
P000421,48,F,82.9,3.0,28.0,93.2,27.6,300.0,20.7,269,5.99,,,,,,,,,23.6,203,41.2,,28.3,,,,,4.3,17,90,92,0.87,39.5,,12.9,1.2,1,1,1,0,0,0,0,1,mixed_deficiency,iron_B12
P000422,32,F,105.1,3.61,31.6,88.3,29.1,329.4,22.8,224,6.05,,39.4,19.4,1.75,70.7,51.3,27.4,,,179,,,25.4,1.7,,,,,2,,,7.61,,485,8.2,,1,0,1,1,0,0,0,1,mixed_deficiency,B12_folate
P000423,70,F,132.4,5.01,42.1,84.3,26.4,312.6,16.4,383,7.24,,8.4,8.3,2.62,109.2,100.9,7.6,,,231,,0.225,,,,,,,14,,,,40.1,,3.0,1.32,0,1,0,0,0,0,0,0,latent_deficiency,iron_deficiency
P000424,80,F,88.1,2.83,26.6,94.7,31.1,336.1,18.8,173,3.79,,20.3,5.9,3.21,68.4,62.5,8.6,5.78,24.9,563,,0.199,,9.6,,,0.31,1.2,,87,78,2.29,45.4,,11.0,1.71,1,1,0,0,0,0,0,0,iron_deficiency_anemia,iron_deficiency
P000425,50,M,94.2,3.1,29.9,95.9,30.3,315.2,23.2,197,4.41,1.2,35.6,8.6,3.09,69.9,61.3,12.3,,,255,57.7,0.231,,,63.3,,,3.5,2,49,125,1.56,41.7,227,,0.9,1,1,0,1,0,0,0,1,mixed_deficiency,iron_folate
P000426,59,F,139.6,4.76,42.9,89.6,29.3,324.1,13.2,284,8.14,,41.2,11.9,2.91,76.6,64.7,15.5,3.09,,,,,,11.8,,,,,,78,97,2.6,44.6,249,,,0,1,0,0,0,0,0,0,latent_deficiency,iron_deficiency
P000427,80,F,147.7,4.97,43.7,89.0,29.7,340.8,13.2,218,5.57,,53.2,,,,,,,33.1,260,,,8.7,10.0,37.3,,,0.9,4,59,101,1.28,40.4,,11.9,,0,0,0,0,0,0,0,0,no_anemia_no_deficiency,none
P000428,73,M,135.7,4.51,41.9,93.1,30.1,324.1,16.4,157,4.53,,,18.6,2.71,63.9,45.3,29.1,2.2,,,,0.537,33.5,,,,,,,,,,,,,,0,0,1,0,0,0,0,0,B12_deficiency_no_anemia,B12_deficiency
P000429,31,F,130.2,5.71,41.9,74.1,22.8,314.8,14.8,342,5.02,1.5,269.4,,,,,,,,,,0.22,,,17.0,,,,,,,1.61,41.2,,5.5,,0,0,0,0,1,0,0,0,B6_deficiency,B6_deficiency
P000430,73,F,129.2,4.18,40.9,98.2,30.9,317.1,15.1,261,6.04,,34.2,,,,,,,,,,,,1.7,44.8,,,,,,,,,215,,,0,0,0,1,0,0,0,0,folate_deficiency_no_anemia,folate_deficiency
P000431,72,M,126.1,4.11,37.1,90.0,30.6,341.2,13.0,463,5.23,0.6,319.0,5.6,1.67,51.7,46.1,10.8,,29.7,,,0.169,,5.7,,,,,98,,,,37.2,138,,,1,0,0,0,0,0,1,0,inflammation_anemia,inflammation
P000432,42,F,74.9,2.95,23.9,80.9,25.4,306.8,20.4,317,5.24,,4.6,11.4,3.39,88.3,76.9,12.9,,,181,,,41.2,,,18.1,,,10,68,117,1.68,34.8,434,,0.78,1,1,1,0,0,0,0,1,mixed_deficiency,iron_B12
P000433,19,F,135.1,4.58,40.6,87.9,29.5,337.1,13.4,225,7.76,,,,,,,,1.95,,949,64.4,,,4.8,,,,1.0,2,75,96,,42.8,170,9.6,,0,0,0,0,0,0,0,0,no_anemia_no_deficiency,none
P000434,42,M,97.6,2.7,30.9,112.9,36.2,320.5,13.2,303,5.02,0.5,,,,,,,,,316,65.5,,,1.5,,,,2.8,,81,94,3.0,,192,,,1,0,0,1,0,0,0,0,folate_deficiency_anemia,folate_deficiency
P000435,35,F,110.4,4.31,37.1,86.5,25.6,301.0,19.5,526,4.12,,41.4,14.4,3.37,84.5,70.1,17.0,,26.6,463,,0.192,10.8,9.6,,,,,,,,1.02,46.1,223,11.1,,1,1,0,0,0,0,0,0,iron_deficiency_anemia,iron_deficiency
P000436,21,F,150.2,5.11,45.5,89.6,29.4,325.9,12.1,330,6.89,1.6,,23.1,2.57,64.1,41.0,36.0,1.58,33.9,,,,,,,,,,5,53,125,,43.6,,,1.1,0,0,0,0,0,0,0,0,no_anemia_no_deficiency,none
P000437,46,F,92.7,3.31,29.2,88.0,28.0,315.3,12.9,400,6.8,,,7.7,2.33,56.0,48.3,13.8,,,497,,,,4.2,76.0,,,114.7,75,64,110,0.91,31.1,219,7.6,,1,0,0,0,0,0,1,0,inflammation_anemia,inflammation
P000438,33,F,92.1,2.64,26.6,100.6,34.9,342.1,13.6,277,3.49,1.4,76.8,18.2,3.36,71.2,53.0,25.6,2.14,30.1,423,,,8.9,,,10.0,0.15,6.6,,,,1.47,44.7,,,2.1,1,0,0,0,0,1,0,0,copper_deficiency,copper_deficiency
P000439,51,F,123.9,3.62,38.0,104.4,34.3,319.2,15.0,196,3.09,,65.0,18.6,2.48,55.7,37.1,33.4,,,126,,1.101,24.2,,,,0.44,,15,,,,,,,,0,0,1,0,0,0,0,0,B12_deficiency_no_anemia,B12_deficiency
P000440,69,M,153.2,4.9,45.3,92.9,31.3,341.4,14.1,231,3.67,,35.0,5.0,3.18,54.3,49.3,9.2,3.56,,,77.1,,,,,,,5.5,,,,,,,7.6,,0,1,0,0,0,0,0,0,latent_deficiency,iron_deficiency
P000441,67,M,134.5,4.7,40.0,85.0,28.6,337.7,13.9,265,8.96,,37.4,21.6,1.73,53.9,32.3,40.1,,,502,,,13.6,14.4,,,,2.2,,,,2.24,41.2,,14.1,,0,0,0,0,0,0,0,0,no_anemia_no_deficiency,none
P000442,23,F,104.0,4.26,31.2,73.9,24.4,335.0,21.1,264,10.09,,6.7,9.9,3.75,102.2,92.3,9.7,,,,,,,,80.3,,,,2,,,,,,,0.71,1,1,0,0,0,0,0,0,iron_deficiency_anemia,iron_deficiency
P000443,87,M,163.1,5.64,47.8,84.7,28.9,340.2,11.4,169,7.77,,,,,,,,,,,,,,,50.9,,,,,94,69,1.78,39.6,,,,0,0,0,0,0,0,0,0,no_anemia_no_deficiency,none
P000444,29,F,107.3,4.29,32.4,75.8,25.0,327.8,21.6,131,8.89,0.4,14.3,4.9,3.2,69.0,64.1,7.1,,27.5,,63.3,,,,,18.1,,,,61,119,,47.9,,,0.86,1,1,0,0,0,0,0,0,iron_deficiency_anemia,iron_deficiency
P000445,42,F,125.7,4.77,40.5,85.4,26.4,308.8,14.3,298,6.8,,235.4,,,,,,1.18,,453,,,,3.0,,,,0.8,9,54,125,,40.8,,,,0,0,0,1,0,0,0,0,folate_deficiency_no_anemia,folate_deficiency
P000446,43,M,77.2,3.84,24.4,63.3,20.1,317.9,17.9,400,10.86,,15.4,11.6,2.79,88.9,77.3,13.0,,,401,,,,7.4,,,,1.0,12,84,80,1.74,,,,,1,1,0,0,0,0,0,0,iron_deficiency_anemia,iron_deficiency
P000447,85,F,104.9,3.82,31.8,84.0,27.5,328.4,19.6,242,8.8,,,,,,,,,,343,,0.234,,15.2,83.8,,,,17,,,2.77,40.0,166,,0.96,1,1,0,0,0,0,0,0,iron_deficiency_anemia,iron_deficiency
P000448,75,F,143.5,4.41,42.8,96.6,32.6,333.7,,369,5.8,,,18.2,2.56,70.2,52.0,25.9,,30.4,,,0.212,,,,,,,,,,,,,,,0,0,0,0,0,0,0,0,no_anemia_no_deficiency,none
P000449,68,M,109.4,4.09,34.9,85.5,26.8,313.2,14.6,250,6.69,,95.7,9.1,1.67,50.7,41.6,17.9,,,386,,,,13.3,,,,10.5,17,,,1.97,32.7,,12.8,,1,0,0,0,0,0,1,0,inflammation_anemia,inflammation
P000450,64,M,112.0,4.58,35.4,76.8,24.5,318.7,16.9,261,8.34,1.0,13.1,5.5,3.4,70.5,65.0,7.8,,,610,,,,2.8,,15.1,,0.9,,88,83,,47.0,167,,,1,1,0,1,0,0,0,1,mixed_deficiency,iron_folate
P000451,77,M,122.5,4.39,36.8,82.4,27.9,329.4,19.9,312,3.67,0.8,,7.8,3.58,81.7,73.9,9.5,,,128,19.3,,27.1,,,,0.24,2.3,9,84,90,,,361,21.1,1.14,1,1,1,0,0,0,0,1,mixed_deficiency,iron_B12
P000452,28,F,112.2,4.0,36.0,89.4,28.1,311.0,,244,4.14,0.7,,21.9,2.57,70.2,48.3,31.2,,,,,,,4.7,,,,1.0,2,80,89,4.19,43.7,170,,1.59,1,0,0,0,0,0,0,0,anemia_other,undetermined
P000453,84,F,95.3,3.62,31.4,86.7,26.4,304.1,20.7,273,5.51,1.7,,9.5,2.84,65.2,55.7,14.6,,,844,60.0,,9.8,,,,0.27,,,89,68,,,,12.1,0.98,1,1,0,0,0,0,0,0,iron_deficiency_anemia,iron_deficiency
P000454,43,F,110.9,4.13,35.0,84.0,26.8,314.8,25.4,375,9.15,1.2,16.8,11.4,2.9,88.2,76.8,12.9,,,868,,,,,,21.0,,,,79,100,9.32,42.0,,5.6,,1,1,0,0,0,0,0,0,iron_deficiency_anemia,iron_deficiency
P000455,80,M,94.7,3.45,29.0,83.6,27.4,318.8,15.9,304,6.93,,25.5,11.2,3.06,76.4,65.2,14.7,3.54,,,,,,3.4,,,,,,77,70,1.66,,,,,1,1,0,1,0,0,0,1,mixed_deficiency,iron_folate
P000456,57,M,96.8,2.9,30.4,105.9,33.4,320.2,15.0,194,5.42,1.8,67.6,15.0,2.71,61.0,46.0,24.6,,,938,,0.234,,,,,0.29,1.5,11,80,97,,38.8,227,,1.54,1,0,0,1,0,0,0,0,folate_deficiency_anemia,folate_deficiency
P000457,23,F,130.9,5.3,39.7,73.8,24.7,328.1,16.4,336,4.96,,53.0,,,,,,,34.3,405,,,,,17.9,,,,,,,1.2,48.1,,,1.8,0,0,0,0,1,0,0,0,B6_deficiency,B6_deficiency
P000458,78,F,85.9,3.1,25.8,84.0,27.7,335.0,17.3,462,5.69,0.5,5.0,,,,,,4.07,,522,,,,15.7,,,,,3,93,75,,43.5,,,,1,1,0,0,0,0,0,0,iron_deficiency_anemia,iron_deficiency
P000459,40,F,100.8,2.96,31.2,105.0,34.1,318.2,15.7,297,6.67,1.2,111.9,,,,,,1.91,,,,,,1.5,,,,1.1,2,,,,44.9,,8.1,,1,0,0,1,0,0,0,0,folate_deficiency_anemia,folate_deficiency
P000460,18,F,129.1,4.22,40.1,95.0,30.6,322.0,17.9,268,3.96,1.6,,,,,,,,,,,,10.4,,62.1,8.4,,,8,64,113,,,,,,0,0,0,0,0,1,0,0,copper_deficiency,copper_deficiency
P000461,58,F,92.3,3.52,28.7,82.4,26.2,322.3,19.5,355,6.7,,8.5,6.6,4.22,88.2,81.6,7.5,,,109,,,36.9,5.0,,,,0.4,16,58,114,,37.8,391,8.3,,1,1,1,0,0,0,0,1,mixed_deficiency,iron_B12
P000462,54,F,127.0,4.19,37.9,88.7,30.3,329.9,13.6,254,7.6,,57.2,,,,,,,,,,,10.9,,,,,9.7,,72,110,,,,,,0,0,0,0,0,0,0,0,no_anemia_no_deficiency,none
P000463,48,M,93.2,3.34,29.7,88.4,27.9,311.5,,214,4.99,1.1,32.0,9.2,2.75,84.7,75.5,10.9,4.25,24.6,264,27.1,0.309,29.0,11.0,,,,,2,84,98,5.21,,272,,0.83,1,1,1,0,0,0,0,1,mixed_deficiency,iron_B12
P000464,73,F,133.6,5.59,42.8,76.2,23.9,311.6,13.9,377,4.17,,,,,,,,,,307,67.5,,10.1,11.9,8.2,,,,,,,,,,,,0,0,0,0,1,0,0,0,B6_deficiency,B6_deficiency
P000465,48,F,129.2,3.73,38.6,104.3,34.6,332.5,19.2,236,5.92,,53.4,,,,,,1.39,,278,96.2,0.18,,2.8,,,,,5,58,125,,,,10.3,,0,0,0,1,0,0,0,0,folate_deficiency_no_anemia,folate_deficiency
P000466,53,F,93.3,3.73,29.1,78.0,25.0,329.9,14.9,329,6.49,1.2,140.8,25.3,3.09,66.3,41.0,38.2,1.52,,465,108.1,,,,,,0.19,1.3,,77,103,2.49,40.2,344,,0.72,1,0,0,0,0,0,0,0,anemia_other,undetermined
P000467,46,F,140.9,4.26,41.7,98.6,33.1,338.2,13.3,311,5.44,,,,,,,,,,,,0.224,,5.2,,,,9.7,,47,125,,,,,,0,0,0,0,0,0,0,0,no_anemia_no_deficiency,none
P000468,66,F,82.3,2.93,25.0,86.2,28.1,327.5,21.8,228,6.86,2.0,36.7,,,,,,4.44,,308,38.5,0.868,23.8,14.4,,13.4,0.43,0.4,2,,,2.31,40.5,,,0.87,1,1,1,0,0,0,0,1,mixed_deficiency,iron_B12
P000469,46,M,134.7,5.15,41.6,79.7,26.2,322.7,16.0,283,5.28,,12.2,9.6,3.21,71.8,62.2,13.4,,,,,,,6.0,,,,8.0,10,87,95,,,,12.6,2.09,0,1,0,0,0,0,0,0,latent_deficiency,iron_deficiency
P000470,68,M,102.1,3.15,30.5,96.2,32.4,331.0,15.3,198,5.73,,95.8,19.6,2.21,69.7,50.1,28.1,1.91,34.6,846,116.9,0.259,15.6,4.0,,,,,2,97,86,,,219,,,1,0,0,1,0,0,0,0,folate_deficiency_anemia,folate_deficiency
P000471,66,F,107.1,4.21,33.2,79.4,25.5,323.0,13.5,338,9.62,,184.9,4.8,1.94,44.2,39.4,10.9,1.68,28.2,,,,,12.8,57.4,,,16.3,22,67,102,,,239,,1.59,1,0,0,0,0,0,1,0,inflammation_anemia,inflammation
P000472,51,F,101.7,3.16,29.7,94.5,32.2,338.1,16.0,166,4.48,1.0,,16.9,3.33,70.3,53.4,24.0,1.53,32.4,605,,,25.7,3.2,,16.1,,2.3,,,,1.93,37.2,,,,1,0,0,1,0,0,0,0,folate_deficiency_anemia,folate_deficiency
P000473,64,M,93.1,3.83,29.7,77.1,24.3,315.6,26.2,222,7.7,,7.9,8.5,2.53,69.7,61.2,12.2,,,438,,0.239,32.7,2.4,,,,2.3,,108,70,,42.4,,8.6,,1,1,0,1,0,0,0,1,mixed_deficiency,iron_folate
P000474,84,M,105.8,4.08,34.0,83.1,25.9,312.5,17.3,328,3.58,1.1,138.1,14.7,2.55,65.7,51.0,22.4,2.22,,,,,,4.7,,7.5,,2.2,,57,94,7.89,41.0,196,,,1,0,0,0,0,1,0,0,copper_deficiency,copper_deficiency
P000475,44,F,115.7,4.2,36.2,86.2,27.5,321.7,18.4,261,4.93,1.1,116.1,,,,,,,36.6,266,90.1,0.226,,,,10.3,0.16,,,91,95,,44.2,,,2.05,1,0,0,0,0,1,0,0,copper_deficiency,copper_deficiency
P000476,45,F,145.1,4.85,42.6,87.6,29.9,345.1,14.4,371,4.81,,169.2,18.4,2.26,58.3,39.9,31.6,,,448,45.5,,,,68.4,,,,3,,,0.58,,,,,0,0,0,0,0,0,0,0,no_anemia_no_deficiency,none
P000477,41,F,144.5,4.49,42.7,94.6,32.2,342.3,13.9,255,4.13,,,32.3,2.3,80.8,48.5,40.0,,,950,,,8.1,13.8,,,,,,78,101,0.84,41.6,,,1.7,0,0,0,0,0,0,0,0,no_anemia_no_deficiency,none
P000478,84,F,107.6,3.9,35.1,89.9,27.6,305.4,13.8,245,4.11,,76.3,17.7,2.53,61.2,43.5,28.9,1.96,,445,,,,,,,,,17,,,3.25,38.9,231,12.8,,1,0,0,0,1,0,0,0,B6_deficiency,B6_deficiency
P000479,39,M,106.4,3.19,32.1,100.6,33.3,331.5,14.9,209,7.58,1.2,56.1,16.5,3.3,52.3,35.8,31.5,,,909,,,,2.2,,20.3,,1.0,,85,92,,43.3,,4.3,,1,0,0,1,0,0,0,0,folate_deficiency_anemia,folate_deficiency
P000480,47,F,96.6,3.41,29.6,87.3,28.3,322.4,22.5,384,7.33,1.2,7.7,3.7,2.84,75.8,72.1,4.9,3.65,,103,,,31.1,,,,,,9,,,,43.0,371,,0.7,1,1,1,0,0,0,0,1,mixed_deficiency,iron_B12
P000481,31,F,100.6,3.55,32.9,92.4,28.3,304.7,21.3,272,2.84,1.1,12.1,,,,,,,23.7,187,,,,5.5,,,,1.0,,,,1.02,,317,,0.56,1,1,1,0,0,0,0,1,mixed_deficiency,iron_B12
P000482,44,F,99.9,3.15,31.2,98.9,31.7,313.2,15.0,152,4.48,1.7,78.9,,,,,,,36.8,,,0.21,,10.4,,5.2,0.12,3.9,3,,,,,207,3.8,,1,0,0,0,0,1,0,0,copper_deficiency,copper_deficiency
P000483,93,F,123.0,4.02,38.2,95.6,30.6,320.4,14.5,359,5.67,,,,,,,,,,98,,,35.4,,,,,2.2,,63,83,,41.0,151,,,0,0,1,0,0,0,0,0,B12_deficiency_no_anemia,B12_deficiency
P000484,34,F,151.0,4.92,43.5,87.5,30.7,351.7,12.5,171,5.0,2.0,,,,,,,1.91,,871,72.9,,9.1,9.7,,,,2.0,10,,,,47.6,,10.6,,0,0,0,0,0,0,0,0,no_anemia_no_deficiency,none
P000485,73,F,133.0,4.55,40.3,88.3,29.2,332.4,14.3,219,4.58,,,11.2,2.68,52.8,41.6,21.2,,34.8,,,,,2.6,,,,1.0,16,64,110,,,,12.5,1.76,0,0,0,1,0,0,0,0,folate_deficiency_no_anemia,folate_deficiency
P000486,77,F,145.5,5.02,44.2,87.5,28.9,327.3,14.4,173,6.94,,6.1,6.0,2.76,71.2,65.2,8.4,,,638,107.9,0.142,,,52.1,13.9,,,,61,93,3.26,,,,,0,1,0,0,0,0,0,0,latent_deficiency,iron_deficiency
P000487,77,F,140.0,4.93,41.6,84.3,28.4,335.0,12.4,271,9.07,,,,,,,,,,,,,,15.6,,,,,,80,78,,39.9,,,,0,0,0,0,0,0,0,0,no_anemia_no_deficiency,none
P000488,76,M,119.0,4.46,37.1,83.6,26.7,317.8,12.7,318,7.77,,299.1,10.6,2.55,54.0,43.4,19.6,1.71,,422,113.5,,13.0,6.8,,,0.28,25.2,30,109,72,,,216,10.7,,1,0,0,0,0,0,1,0,inflammation_anemia,inflammation
P000489,50,M,143.0,4.68,44.1,93.7,30.5,322.1,12.8,335,7.57,,,,,,,,,,629,,,,3.9,,,,,,96,85,,44.0,,,1.13,0,0,0,1,0,0,0,0,folate_deficiency_no_anemia,folate_deficiency
P000490,56,F,102.8,4.9,38.0,78.0,21.0,270.3,16.2,722,7.53,1.3,12.7,,,,,,4.22,,432,,,,11.0,43.8,12.2,0.22,,,67,105,,38.8,,6.4,,1,1,0,0,0,0,0,0,iron_deficiency_anemia,iron_deficiency
P000491,20,M,134.1,4.72,41.2,87.0,28.4,328.3,14.9,327,8.38,,41.2,10.1,3.17,73.7,63.6,13.7,4.1,21.5,,,,,,,,,,,78,100,,48.1,,10.3,,0,1,0,0,0,0,0,0,latent_deficiency,iron_deficiency
P000492,91,M,132.1,4.12,38.8,93.9,32.1,339.1,13.5,302,5.76,,,,,,,,2.03,,,36.2,0.646,,,,,,,18,,,2.23,,,,1.49,0,0,1,0,0,0,0,0,B12_deficiency_no_anemia,B12_deficiency
P000493,47,F,100.5,3.99,35.6,89.7,25.2,285.0,18.4,561,5.84,1.3,17.5,11.4,3.25,84.9,73.5,13.4,3.42,,195,,,13.5,15.3,,,,0.4,2,,,2.89,,328,11.1,,1,1,0,0,0,0,0,0,iron_deficiency_anemia,iron_deficiency
P000494,59,F,144.8,4.41,44.1,100.3,32.8,326.6,16.2,277,6.17,,,,,,,,,,171,,,28.4,,,,,,5,,,,,,9.5,,0,0,1,0,0,0,0,0,B12_deficiency_no_anemia,B12_deficiency
P000495,79,M,112.3,4.07,35.2,85.7,27.6,318.8,13.1,245,3.86,,230.0,29.6,2.59,75.5,45.9,39.2,,,,,0.573,,12.3,,,,5.7,,,,2.54,36.5,148,7.1,0.97,1,0,0,0,0,0,0,0,anemia_other,undetermined
P000496,79,F,139.2,5.26,44.0,83.6,26.4,317.9,,146,5.94,,22.6,10.8,3.31,89.3,78.5,12.1,,,,,0.133,,,,,,1.8,10,58,108,,,,,,0,1,0,0,0,0,0,0,latent_deficiency,iron_deficiency
P000497,50,F,99.9,3.73,30.7,83.2,26.8,327.0,15.2,452,10.11,,198.7,,,,,,1.11,,430,,0.259,13.3,6.1,,20.5,,180.0,110,,,0.66,,,7.7,,1,0,0,0,0,0,1,0,inflammation_anemia,inflammation
P000498,88,F,122.0,4.13,35.6,85.8,29.5,339.3,11.9,322,8.66,,31.2,,,,,,,27.7,317,63.2,,11.2,,,,,,4,,,1.82,36.2,,,1.52,0,0,0,0,0,0,0,0,no_anemia_no_deficiency,none
P000499,31,F,94.3,3.16,29.4,93.4,29.8,318.7,20.9,258,7.59,0.8,14.7,9.8,3.6,76.0,66.2,12.9,,,,,1.143,28.3,11.4,52.2,,,,,81,107,2.61,47.0,,,0.93,1,1,1,0,0,0,0,1,mixed_deficiency,iron_B12
P000500,37,M,104.5,3.21,32.7,101.9,32.5,323.7,16.8,182,4.34,0.7,81.7,12.9,2.57,60.5,47.6,21.3,1.91,,145,,0.641,,1.2,,,,,3,122,77,1.76,40.2,398,30.4,0.44,1,0,1,1,0,0,0,1,mixed_deficiency,B12_folate
P000501,45,F,105.3,3.92,32.5,82.9,26.9,327.0,15.4,277,5.58,0.7,59.5,18.2,2.71,49.8,31.6,36.5,1.65,32.9,,,,,,,,,0.7,16,,,,39.2,,,2.1,1,0,0,0,0,0,0,0,anemia_other,undetermined
P000502,86,F,96.2,4.57,31.9,69.5,21.0,304.1,24.8,293,4.01,,13.1,6.4,3.2,98.9,92.5,6.5,3.88,,492,123.3,,,3.8,,,0.35,2.0,7,86,80,2.68,40.5,,13.4,,1,1,0,0,0,0,0,0,iron_deficiency_anemia,iron_deficiency
P000503,49,F,125.3,4.18,39.2,93.4,30.0,323.6,13.9,251,7.35,,209.2,,,,,,1.47,,183,37.0,0.435,18.3,,,,,1.5,,,,,,,,,0,0,1,0,0,0,0,0,B12_deficiency_no_anemia,B12_deficiency
P000504,79,F,154.4,5.51,47.8,87.0,28.0,320.6,13.6,315,7.29,1.7,,,,,,,,,,,,9.5,11.9,,,,0.8,6,,,,47.1,,,,0,0,0,0,0,0,0,0,no_anemia_no_deficiency,none
P000505,72,M,143.9,4.79,41.9,87.2,30.0,343.6,16.8,309,5.24,1.5,,,,,,,,,,,,27.9,3.0,,,,5.0,11,,,0.55,38.9,,,,0,0,0,1,0,0,0,0,folate_deficiency_no_anemia,folate_deficiency
P000506,85,F,117.3,4.35,38.0,87.2,27.0,305.2,18.0,449,10.94,1.2,22.3,7.0,3.31,79.7,72.7,8.8,3.14,22.4,,70.4,,,,,,,6.2,,73,75,2.03,45.4,154,,,1,1,0,0,0,0,0,0,iron_deficiency_anemia,iron_deficiency
P000507,87,F,115.9,3.76,37.1,98.0,30.9,318.9,17.6,156,4.65,1.1,,,,,,,1.8,31.6,477,129.6,,,,,16.4,,7.2,9,61,95,2.99,38.8,,,1.2,1,0,0,1,0,0,0,0,folate_deficiency_anemia,folate_deficiency
P000508,59,F,84.2,3.16,26.3,82.3,26.6,319.9,22.3,262,4.9,0.9,,5.5,3.67,78.3,72.8,7.0,,,,29.1,,31.7,15.2,,,,,16,93,78,,38.3,,6.8,0.93,1,1,1,0,0,0,0,1,mixed_deficiency,iron_B12
P000509,83,F,70.6,3.28,21.7,65.8,21.5,328.8,18.4,319,8.88,0.9,4.6,,,,,,,,245,81.7,0.2,8.7,,,,0.42,1.7,,92,79,1.8,42.0,,8.3,,1,1,0,0,0,0,0,0,iron_deficiency_anemia,iron_deficiency
P000510,69,F,132.3,3.89,39.7,102.1,34.0,326.8,15.4,208,3.06,,,,,,,,,,,,0.877,,,,,,2.4,,94,70,,47.2,,,,0,0,1,0,0,0,0,0,B12_deficiency_no_anemia,B12_deficiency
P000511,88,M,99.6,3.98,31.3,78.3,25.0,315.8,15.7,248,7.55,,,,,,,,,33.4,355,,0.611,8.7,,,,,,8,170,35,,,217,3.5,1.22,1,0,0,0,0,0,0,0,anemia_other,undetermined
P000512,74,M,100.4,3.72,32.6,88.2,26.9,310.8,23.1,265,7.08,1.0,5.1,6.8,2.93,75.2,68.4,9.0,3.0,,122,18.1,1.093,19.1,12.5,,,,,10,98,69,,47.2,250,11.1,0.44,1,1,1,0,0,0,0,1,mixed_deficiency,iron_B12
P000513,76,F,109.3,4.21,35.3,84.0,26.0,309.4,21.8,179,6.88,1.4,26.0,5.2,3.51,72.6,67.4,7.2,,26.6,333,,,,,,,0.24,1.7,,81,78,,,169,,2.02,1,1,0,0,0,0,0,0,iron_deficiency_anemia,iron_deficiency
P000514,41,M,149.4,5.41,46.7,86.3,27.6,320.9,14.8,303,5.95,,5.5,10.8,3.03,82.6,71.8,13.1,3.68,24.4,716,,,,4.6,,,,,3,,,,43.9,,3.9,,0,1,0,0,0,0,0,0,latent_deficiency,iron_deficiency
P000515,47,F,116.0,3.22,35.9,111.4,36.0,322.9,16.8,159,5.16,1.0,,29.0,2.3,70.2,41.2,41.3,,,160,27.7,1.063,37.1,2.7,,,0.25,1.1,2,,,1.4,43.9,538,26.3,0.32,1,0,1,1,0,0,0,1,mixed_deficiency,B12_folate
P000516,35,F,90.3,2.45,27.3,110.9,36.8,336.1,17.5,230,5.85,0.5,138.6,,,,,,,,190,11.4,0.449,,,,,0.3,,,,,1.32,40.3,595,,,1,0,1,0,0,0,0,0,B12_deficiency_anemia,B12_deficiency
P000517,81,F,74.7,2.15,23.0,107.0,34.8,320.0,20.6,173,2.76,1.8,82.6,,,,,,2.27,28.5,244,,0.898,,3.0,,,,,10,69,90,,37.0,302,,,1,0,1,1,0,0,0,1,mixed_deficiency,B12_folate
P000518,82,F,106.4,5.03,34.9,69.6,21.2,304.7,15.5,268,6.87,1.3,,13.7,2.52,53.2,39.5,25.8,,,220,,0.255,,,,20.0,,8.8,14,65,82,,45.4,150,,,1,0,0,0,1,0,0,0,B6_deficiency,B6_deficiency
P000519,65,F,99.8,3.24,30.7,94.5,30.9,328.1,14.3,200,9.44,1.0,202.9,9.7,1.72,52.2,42.5,18.6,,,,,,,6.5,,,,51.5,36,63,114,3.8,,,,,1,0,0,0,0,0,1,0,inflammation_anemia,inflammation
P000520,51,M,115.1,5.58,33.7,59.6,20.6,334.3,22.8,138,3.53,,14.2,8.7,3.17,89.8,81.1,9.7,,,374,,,,8.2,,,,13.4,13,,,,37.0,141,6.1,,1,1,0,0,0,0,0,0,iron_deficiency_anemia,iron_deficiency
P000521,53,F,111.8,3.72,36.9,99.3,30.1,302.5,19.7,244,8.33,,6.8,6.0,2.71,69.4,63.4,8.6,,21.5,723,,,,1.2,,20.3,,2.6,,75,95,1.55,45.5,,,0.72,1,1,0,1,0,0,0,1,mixed_deficiency,iron_folate
P000522,24,F,117.9,4.33,35.7,83.2,27.3,332.9,13.6,304,4.06,,61.2,,,,,,,29.7,377,62.5,,8.5,,,,,0.8,2,66,125,,43.2,,,,1,0,0,0,0,0,0,0,anemia_other,undetermined
P000523,47,F,133.7,4.81,41.7,87.1,27.8,322.9,14.1,207,5.61,1.4,26.0,10.6,3.18,84.0,73.4,12.6,,,,,,,,,,,1.4,,73,109,,44.3,,,,0,1,0,0,0,0,0,0,latent_deficiency,iron_deficiency
P000524,82,M,113.9,4.5,36.8,82.3,25.3,308.1,14.7,345,9.81,0.7,182.5,4.7,2.73,57.3,52.6,8.2,,,,,,,,41.9,,,38.1,38,,,1.55,,,9.6,,1,0,0,0,0,0,1,0,inflammation_anemia,inflammation
P000525,83,M,140.3,4.33,39.2,89.9,32.4,351.5,13.5,212,4.27,,22.7,14.9,3.27,79.5,64.6,18.7,4.38,24.1,416,99.3,,,,,,,,,,,,,239,,,0,1,0,0,0,0,0,0,latent_deficiency,iron_deficiency
P000526,57,F,62.8,2.32,19.1,83.2,27.1,335.0,18.2,248,5.23,1.0,,7.0,3.21,83.1,76.1,8.4,,,263,,,13.0,,,,,1.4,,,,1.13,,299,,1.26,1,1,0,0,0,0,0,0,iron_deficiency_anemia,iron_deficiency
P000527,50,F,92.6,3.65,30.9,83.8,25.3,304.0,13.6,446,7.42,1.5,55.0,9.7,2.18,51.6,41.9,18.8,,,,,,,3.8,,,,81.5,68,63,111,,24.8,257,,1.55,1,0,0,0,0,0,1,0,inflammation_anemia,inflammation
P000528,48,M,118.9,4.56,39.2,85.4,26.1,307.7,15.1,621,4.63,,,16.8,3.76,93.8,77.0,17.9,,25.6,,,0.145,,11.9,,,,1.8,10,,,1.63,,214,,1.01,1,1,0,0,0,0,0,0,iron_deficiency_anemia,iron_deficiency
P000529,44,F,80.4,2.57,25.7,99.4,31.3,308.4,20.1,323,6.24,,42.4,5.6,2.09,55.3,49.7,10.1,4.42,,306,,0.256,,4.8,,18.1,,,17,76,95,8.84,43.6,,,,1,1,0,1,0,0,0,1,mixed_deficiency,iron_folate
P000530,66,F,131.3,5.14,42.9,83.5,25.5,309.9,15.9,370,6.82,,,20.6,2.48,68.1,47.5,30.2,1.11,32.7,,,,8.4,12.4,21.2,,,1.6,,65,100,7.17,42.8,,,,0,0,0,0,1,0,0,0,B6_deficiency,B6_deficiency
P000531,25,F,144.3,4.83,44.3,91.3,29.9,328.0,11.4,289,5.43,,41.7,18.5,3.34,55.0,36.5,33.6,,,,,,9.4,,26.7,,,1.7,,62,125,,40.0,,9.9,,0,0,0,0,0,0,0,0,no_anemia_no_deficiency,none
P000532,70,M,143.0,4.78,43.1,90.1,29.9,331.1,14.2,280,9.09,,25.5,,,,,,3.17,25.0,,125.8,,13.0,8.1,,,,1.8,,72,88,2.96,,132,,,0,1,0,0,0,0,0,0,latent_deficiency,iron_deficiency
P000533,68,M,121.0,4.38,37.1,84.5,27.7,329.1,16.2,161,7.29,,326.6,,,,,,1.7,,602,,,,3.5,,12.1,,5.3,15,100,72,0.67,45.2,213,,,1,0,0,1,0,0,0,0,folate_deficiency_anemia,folate_deficiency
P000534,71,F,89.5,3.53,28.3,80.0,25.3,323.1,15.9,324,9.84,,302.7,4.2,2.18,50.6,46.4,8.3,1.26,30.0,,,0.136,,15.5,,,,31.2,39,,,2.19,37.8,238,8.4,,1,0,0,0,0,0,1,0,inflammation_anemia,inflammation
P000535,77,F,86.8,2.58,25.5,97.9,33.6,339.3,16.6,175,11.05,1.0,36.1,,,,,,2.73,,531,,,,,,,,,6,57,107,,43.0,,,2.1,1,1,0,0,0,0,0,0,iron_deficiency_anemia,iron_deficiency
P000536,40,M,136.2,4.88,42.7,87.8,27.9,324.3,14.4,161,6.9,1.0,,,,,,,,,,80.5,0.128,,,21.2,,,0.7,,87,92,,37.7,,6.2,,0,0,0,0,1,0,0,0,B6_deficiency,B6_deficiency
P000537,63,M,149.5,5.13,45.9,89.7,29.2,324.8,14.1,288,3.7,1.0,,,,,,,,29.4,427,,0.123,9.8,5.6,,,,1.6,19,88,84,,39.7,,,,0,0,0,0,0,0,0,0,no_anemia_no_deficiency,none
P000538,82,F,130.2,3.84,39.8,104.0,34.0,328.6,13.2,240,4.43,,,25.5,2.14,64.0,38.5,39.8,,,447,,0.227,19.7,2.1,,,,,16,56,97,2.63,,177,,,0,0,0,1,0,0,0,0,folate_deficiency_no_anemia,folate_deficiency
P000539,30,F,90.6,3.18,28.1,88.1,28.5,318.0,14.1,394,8.85,1.6,115.4,,,,,,,33.8,254,,,,,,,,0.8,,73,106,,,234,,1.39,1,0,0,0,0,0,0,0,anemia_other,undetermined
P000540,71,M,115.9,4.04,36.9,91.2,28.7,314.8,16.7,336,7.27,,46.6,7.2,3.03,65.8,58.6,10.9,3.14,,,125.7,,,4.7,55.2,,0.29,0.8,2,78,91,,43.4,273,3.4,,1,1,0,1,0,0,0,1,mixed_deficiency,iron_folate
P000541,63,M,100.5,3.07,32.4,105.5,32.8,310.2,18.3,254,4.99,1.2,115.1,24.4,2.23,65.4,41.0,37.3,1.5,,155,15.5,,26.7,1.7,,,,0.8,22,88,89,,43.7,,,0.75,1,0,1,1,0,0,0,1,mixed_deficiency,B12_folate
P000542,24,F,104.9,5.91,34.7,58.8,17.7,305.8,16.7,390,3.64,1.0,19.9,,,,,,,,,,,,,,,,0.8,2,69,123,,36.2,221,9.9,,1,1,0,0,0,0,0,0,iron_deficiency_anemia,iron_deficiency
P000543,86,F,136.4,5.47,43.4,79.3,24.9,315.2,16.8,316,9.47,,17.3,9.3,3.25,84.6,75.3,11.0,5.26,,,,,,13.6,,,,,8,,,,,,12.2,2.0,0,1,0,0,0,0,0,0,latent_deficiency,iron_deficiency
P000544,22,F,124.3,4.92,39.9,81.0,25.3,309.0,14.5,275,7.59,,24.9,3.7,2.91,75.8,72.1,4.9,,28.0,,,,9.5,12.4,,,,1.3,,,,,37.7,,,1.53,0,1,0,0,0,0,0,0,latent_deficiency,iron_deficiency
P000545,49,F,114.7,3.94,34.8,87.8,29.1,326.8,13.7,270,5.18,1.0,61.3,,,,,,1.01,,,71.9,,,,,,0.25,7.1,,59,125,,,260,,1.8,1,0,0,0,0,1,0,0,copper_deficiency,copper_deficiency
P000546,78,M,163.1,6.61,53.6,82.0,24.7,308.5,15.1,368,5.77,,11.0,7.3,3.42,97.8,90.5,7.5,,,,,,,,,,,,17,97,74,,,,,1.69,0,1,0,0,0,0,0,0,latent_deficiency,iron_deficiency
P000547,60,F,139.6,4.57,40.0,87.5,30.5,346.5,14.2,276,5.72,,,,,,,,,,518,,,9.0,13.0,,,,1.2,17,60,115,,42.8,,,,0,0,0,0,0,0,0,0,no_anemia_no_deficiency,none
P000548,58,F,146.3,5.06,44.7,88.0,28.9,328.1,13.5,352,10.24,,206.1,,,,,,,32.3,,,,,4.4,,,,,,92,85,0.68,,,,1.3,0,0,0,0,0,0,0,0,no_anemia_no_deficiency,none
P000549,34,F,127.4,3.92,39.6,101.2,32.5,325.5,14.4,219,6.04,,,25.0,2.93,61.2,36.2,40.8,,,,,,,,,,,,,76,94,3.87,,,12.6,,0,0,0,1,0,0,0,0,folate_deficiency_no_anemia,folate_deficiency
P000550,46,F,128.1,4.1,39.7,96.6,31.2,327.9,15.9,308,4.31,,,12.5,3.03,57.2,44.7,21.9,1.72,,282,63.8,0.259,25.7,,48.2,,,0.6,,47,125,2.62,,,7.3,,0,0,0,1,0,0,0,0,folate_deficiency_no_anemia,folate_deficiency
P000551,71,F,139.2,4.84,42.1,87.0,28.7,326.1,14.6,284,8.11,1.2,31.0,,,,,,,,,72.3,0.258,,5.1,,,,,,66,103,1.26,,,,1.16,0,0,0,0,0,0,0,0,no_anemia_no_deficiency,none
P000552,39,F,99.7,3.29,29.4,89.5,30.3,335.4,14.9,344,11.05,,147.7,,,,,,,,676,100.1,,,12.1,,,,11.7,30,,,2.61,,,,0.97,1,0,0,0,0,0,1,0,inflammation_anemia,inflammation
P000553,61,F,78.6,4.19,25.3,60.7,18.8,309.7,21.9,378,8.02,,9.0,8.6,3.07,86.1,77.5,10.0,,,685,,0.198,,9.7,,,,,21,60,118,1.93,42.7,,2.2,0.88,1,1,0,0,0,0,0,0,iron_deficiency_anemia,iron_deficiency
P000554,72,F,133.7,4.72,42.8,91.6,28.3,312.6,14.7,130,6.55,,,,,,,,,,298,34.3,0.74,25.5,,,,,3.5,,58,112,,46.4,,7.1,,0,0,1,0,0,0,0,0,B12_deficiency_no_anemia,B12_deficiency
P000555,49,M,151.8,5.0,42.5,84.5,30.4,349.9,13.0,223,7.84,1.0,301.0,18.9,2.5,64.2,45.3,29.4,1.93,,719,,,,,34.8,,0.24,,,,,6.24,,,,1.2,0,0,0,0,0,0,0,0,no_anemia_no_deficiency,none
P000556,66,F,124.0,4.05,38.7,95.7,30.6,322.3,15.1,339,4.59,1.4,40.9,14.9,2.97,68.0,53.1,21.9,,,,,,,,,10.2,0.11,5.1,12,53,111,2.44,,,,,0,0,0,0,0,1,0,0,copper_deficiency,copper_deficiency
P000557,27,F,111.9,4.56,33.8,74.0,24.5,335.0,16.5,315,4.92,,9.6,7.0,4.02,98.1,91.1,7.1,,,349,,0.233,,,,,,0.8,14,69,111,,38.5,233,,,1,1,0,0,0,0,0,0,iron_deficiency_anemia,iron_deficiency
P000558,79,F,127.1,4.03,39.1,97.4,31.5,326.2,12.7,259,6.24,1.4,,,,,,,,32.9,,,0.16,,2.0,,,,,10,80,86,,47.0,,5.6,,0,0,0,1,0,0,0,0,folate_deficiency_no_anemia,folate_deficiency
P000559,64,F,121.8,3.73,37.7,102.0,32.7,322.0,17.6,374,5.96,,,17.5,2.61,61.4,43.9,28.5,1.71,31.5,,,0.171,,2.2,,,,,,,,,40.1,,,,0,0,0,1,0,0,0,0,folate_deficiency_no_anemia,folate_deficiency
P000560,40,F,76.6,2.64,24.7,92.1,29.1,310.4,16.7,272,3.15,,18.4,13.5,2.55,75.0,61.5,18.0,3.44,,198,21.8,0.444,29.8,14.4,,,,,10,69,109,2.45,43.3,461,15.5,0.62,1,1,1,0,0,0,0,1,mixed_deficiency,iron_B12
P000561,81,M,139.4,4.53,42.0,92.2,30.8,330.5,13.7,277,5.09,,67.6,29.1,2.25,74.6,45.5,39.0,,29.7,,51.2,,25.8,4.4,,,,,,,,,,,,,0,0,0,1,0,0,0,0,folate_deficiency_no_anemia,folate_deficiency
P000562,81,F,132.8,5.18,43.7,84.3,25.7,305.4,14.4,300,4.93,,5.1,7.6,3.87,88.7,81.1,8.6,,,,,0.111,,9.4,,,,1.0,6,87,74,1.59,,,,,0,1,0,0,0,0,0,0,latent_deficiency,iron_deficiency
P000563,49,F,153.2,5.27,46.2,88.1,29.1,332.9,13.2,387,7.6,,209.0,,,,,,,,252,,,12.0,11.7,,,,2.7,,50,125,1.14,,,,,0,0,0,0,0,0,0,0,no_anemia_no_deficiency,none
P000564,65,F,142.2,4.51,41.6,92.3,31.5,343.8,14.4,275,5.07,1.2,,16.1,1.8,66.8,50.7,24.1,1.62,,,,,,6.2,,22.1,,1.5,18,,,0.95,,186,,,0,0,0,0,0,0,0,0,no_anemia_no_deficiency,none
P000565,53,M,154.4,5.13,46.6,90.0,30.1,334.4,14.6,203,6.84,1.3,30.9,14.3,3.36,77.6,63.3,18.4,2.29,24.6,,94.3,,,,,,,,20,52,125,2.65,,,10.6,,0,1,0,0,0,0,0,0,latent_deficiency,iron_deficiency
P000566,70,F,89.9,3.44,29.4,86.2,26.2,305.9,17.2,131,6.3,1.2,10.6,11.4,2.79,95.6,84.2,11.9,3.66,,529,,,32.2,2.7,,13.3,,1.5,,,,3.27,,180,6.2,,1,1,0,1,0,0,0,1,mixed_deficiency,iron_folate
P000567,31,F,111.9,3.04,33.4,110.4,36.8,334.4,15.5,327,2.69,,,,,,,,,,117,25.1,0.465,17.5,,,,,,,,,,,,15.1,0.17,1,0,1,0,0,0,0,0,B12_deficiency_anemia,B12_deficiency
P000568,75,M,108.6,4.1,33.2,81.3,26.5,322.7,19.1,179,4.06,0.4,15.7,11.1,3.21,95.3,84.2,11.6,,,,46.7,,,,,,,2.8,13,97,68,1.59,41.6,172,14.3,,1,1,0,0,0,0,0,0,iron_deficiency_anemia,iron_deficiency
P000569,71,F,92.1,2.97,28.5,96.4,31.0,319.4,15.5,263,2.69,,93.7,21.3,2.72,72.7,51.4,29.3,1.55,,520,,,,,,16.8,,,,121,21,2.25,39.5,,,0.89,1,0,0,0,0,0,0,0,anemia_other,undetermined
P000570,29,F,91.5,3.45,29.2,84.4,26.5,314.5,18.6,375,6.5,0.9,10.3,12.3,3.54,99.1,86.8,12.4,,,220,84.3,,32.7,1.3,78.0,,,,6,76,95,1.61,,,9.1,,1,1,0,1,0,0,0,1,mixed_deficiency,iron_folate
P000571,29,F,104.9,3.26,32.2,98.9,32.2,326.0,19.1,141,6.76,,,17.5,2.56,67.2,49.7,26.0,1.45,,193,,0.784,17.7,,,,,,,,,1.54,42.6,,,0.51,1,0,1,0,0,0,0,0,B12_deficiency_anemia,B12_deficiency
P000572,32,F,138.0,4.81,41.4,86.9,28.7,335.2,12.4,217,4.71,2.1,201.3,12.9,3.05,54.5,41.6,23.7,,,326,,0.2,8.4,,,,0.36,2.1,,53,125,2.37,,,12.8,,0,0,0,0,0,0,0,0,no_anemia_no_deficiency,none
P000573,81,F,101.1,2.7,31.3,117.0,37.4,329.2,21.3,332,5.31,0.5,37.4,,,,,,1.76,,122,,,,2.0,69.5,,0.26,2.4,27,82,74,,45.5,470,19.9,0.94,1,0,1,1,0,0,0,1,mixed_deficiency,B12_folate
P000574,64,M,121.2,3.9,37.6,96.8,31.1,322.2,18.9,200,5.51,1.5,,13.3,3.12,52.1,38.8,25.5,1.62,,,,0.226,,4.5,42.5,,,4.8,,78,79,2.71,,,,,1,0,0,1,0,0,0,0,folate_deficiency_anemia,folate_deficiency
P000575,33,F,111.6,3.89,32.9,84.0,28.7,332.6,17.0,183,10.36,,64.5,3.4,2.24,41.6,38.2,8.2,1.86,,490,,0.231,,,,,,38.3,46,74,105,2.17,35.1,,9.5,0.79,1,0,0,0,0,0,1,0,inflammation_anemia,inflammation
P000576,68,F,128.5,4.28,42.8,100.6,30.0,302.2,13.4,239,4.39,,72.4,,,,,,,,,,,,,,,0.09,,13,,,2.45,45.1,,,,0,0,0,0,0,1,0,0,copper_deficiency,copper_deficiency
P000577,49,F,139.2,5.27,43.0,82.0,26.4,322.6,15.6,371,7.43,,9.5,,,,,,,,439,72.5,,,,,,,,,55,125,2.4,,,,,0,1,0,0,0,0,0,0,latent_deficiency,iron_deficiency
P000578,45,M,125.5,4.24,37.9,90.6,29.6,333.1,12.7,341,4.13,,,,,,,,,,568,,,,,,,,8.9,,181,41,,42.4,,,,1,0,0,0,0,0,0,0,anemia_other,undetermined
P000579,49,M,135.8,4.16,39.8,95.5,32.6,341.1,14.5,179,3.92,,,,,,,,,,92,30.7,,32.9,11.4,,,,1.7,2,,,,38.2,,,,0,0,1,0,0,0,0,0,B12_deficiency_no_anemia,B12_deficiency
P000580,42,F,90.3,2.87,27.3,94.5,31.5,333.3,17.9,287,5.55,1.6,35.1,20.6,3.03,60.6,40.0,34.0,2.22,,408,,0.131,,4.0,52.3,18.6,,1.7,6,47,125,1.27,39.9,,,1.21,1,0,0,1,0,0,0,0,folate_deficiency_anemia,folate_deficiency
P000581,85,F,112.4,4.13,34.6,83.1,27.2,323.9,18.4,351,6.42,,38.6,11.0,2.96,80.8,69.8,13.6,4.42,,486,119.0,,,7.4,,,,3.2,,,,1.52,39.8,,,,1,1,0,0,0,0,0,0,iron_deficiency_anemia,iron_deficiency
P000582,18,F,144.3,5.48,45.9,83.2,26.3,315.6,14.2,227,5.65,,5.8,4.3,3.11,64.2,59.9,6.7,,,,,,14.2,,,,,,13,,,,41.2,,,,0,1,0,0,0,0,0,0,latent_deficiency,iron_deficiency
P000583,86,F,80.0,2.68,24.4,91.3,29.8,325.3,13.8,247,8.14,,,11.7,2.83,43.1,31.4,27.1,,,240,,0.183,,5.0,,,,,20,,,1.27,37.2,247,4.5,,1,0,0,0,0,0,0,0,anemia_other,undetermined
P000584,22,F,127.3,4.76,39.9,83.1,26.8,324.4,12.5,387,7.28,1.6,61.1,,,,,,,,,,,8.8,,,,,4.2,13,,,1.7,39.7,,11.7,,0,0,0,0,0,0,0,0,no_anemia_no_deficiency,none
P000585,30,F,122.5,3.69,37.8,102.7,33.2,323.4,15.4,271,6.48,,,,,,,,,,950,93.4,,,2.7,73.2,,,1.5,,,,,44.1,,,,0,0,0,1,0,0,0,0,folate_deficiency_no_anemia,folate_deficiency
P000586,39,F,138.4,4.46,41.0,92.2,31.0,341.4,14.0,403,6.25,,262.2,21.4,2.24,56.1,34.7,38.1,,33.0,339,,,14.0,,,,,,,75,108,1.07,39.6,196,,,0,0,0,0,0,0,0,0,no_anemia_no_deficiency,none
P000587,30,F,140.6,5.23,44.9,86.6,26.9,310.5,16.8,195,3.76,,,,,,,,,,,,,7.1,,,,,,,75,103,1.75,,,,,0,1,0,0,0,0,0,0,latent_deficiency,iron_deficiency
P000588,73,M,143.3,4.81,44.4,91.8,29.8,323.0,12.1,256,4.81,1.0,68.5,,,,,,,30.0,,,0.226,,,80.5,15.1,,2.0,,61,93,,45.3,,,,0,0,0,0,0,0,0,0,no_anemia_no_deficiency,none
P000589,69,F,101.3,3.81,32.7,85.6,26.6,309.6,18.9,97,5.56,0.7,10.0,6.1,3.15,67.7,61.6,9.0,5.41,26.5,297,72.2,,,1.2,,22.7,0.26,9.5,,,,1.28,42.1,351,6.3,1.51,1,1,0,1,0,0,0,1,mixed_deficiency,iron_folate
P000590,81,F,101.5,3.77,31.8,84.0,26.9,315.5,20.3,269,4.98,0.4,33.2,10.5,2.29,73.7,63.2,14.2,,,950,,,12.6,9.3,,,,12.1,,,,2.54,46.2,,10.6,,1,1,0,0,0,0,0,0,iron_deficiency_anemia,iron_deficiency
P000591,69,F,104.3,2.89,32.7,113.1,36.1,322.6,18.1,196,2.57,1.7,63.7,,,,,,,32.1,,,,26.2,2.4,,,,0.9,6,70,86,,47.1,393,,0.78,1,0,1,1,0,0,0,1,mixed_deficiency,B12_folate
P000592,46,F,84.8,2.2,25.2,114.9,38.6,328.0,17.9,278,3.22,,36.4,21.3,2.36,53.7,32.4,39.7,,,108,,0.549,40.7,7.5,,,0.33,,9,,,3.1,40.5,,22.8,0.87,1,0,1,0,0,0,0,0,B12_deficiency_anemia,B12_deficiency
P000593,28,F,139.0,4.46,44.0,98.2,31.2,314.3,12.8,149,5.73,2.1,,22.5,2.17,57.7,35.2,39.0,,,,,,22.0,2.5,,,,,,80,93,,,,,,0,0,0,1,0,0,0,0,folate_deficiency_no_anemia,folate_deficiency
P000594,78,F,136.7,4.8,42.5,88.2,28.5,320.6,13.4,250,8.24,,,,,,,,,,291,,,12.2,,47.8,,,,14,57,100,1.72,45.2,,,,0,0,0,0,0,0,0,0,no_anemia_no_deficiency,none
P000595,74,M,147.2,4.72,44.0,93.2,31.2,332.4,13.1,250,7.23,1.2,122.4,,,,,,,,546,,,,,,,0.19,13.1,,,,2.41,,,,1.28,0,0,0,0,0,0,0,0,no_anemia_no_deficiency,none
P000596,48,F,141.9,5.66,45.9,81.7,25.1,312.1,15.6,327,8.97,1.7,9.9,4.3,3.74,82.3,78.0,5.2,,,,,,,,,,,,,,,,,,,,0,1,0,0,0,0,0,0,latent_deficiency,iron_deficiency
P000597,46,F,123.2,3.77,38.4,101.5,32.7,321.1,14.2,273,2.89,,,,,,,,,,125,,,,7.8,,,,,,62,125,,,,,1.84,0,0,1,0,0,0,0,0,B12_deficiency_no_anemia,B12_deficiency
P000598,78,M,142.3,5.0,45.8,91.1,28.4,310.8,14.3,277,3.62,,98.6,,,,,,,,,60.3,,,3.8,,,,,4,80,88,1.26,41.6,,,,0,0,0,1,0,0,0,0,folate_deficiency_no_anemia,folate_deficiency
P000599,66,F,105.2,3.46,31.4,91.5,30.4,339.1,14.6,163,5.25,1.5,,,,,,,1.25,31.2,349,,,16.1,4.3,,,,1.8,16,74,95,,,,2.9,0.79,1,0,0,1,0,0,0,0,folate_deficiency_anemia,folate_deficiency
P000600,39,F,98.1,4.08,34.8,84.5,24.0,285.0,15.8,541,13.04,1.2,,15.3,3.15,80.7,65.4,19.0,,25.1,622,,,13.9,,,,,2.8,2,91,91,,41.7,261,3.8,,1,1,0,0,0,0,0,0,iron_deficiency_anemia,iron_deficiency
P000601,29,F,100.1,3.54,32.2,91.2,28.3,310.5,15.4,249,5.49,,,9.6,3.25,70.5,60.9,13.6,,,296,47.3,,,,,,,,4,54,125,,,,11.5,,1,1,0,0,0,0,0,0,iron_deficiency_anemia,iron_deficiency
P000602,80,M,126.5,5.52,39.9,72.1,22.9,316.9,18.1,325,7.1,,19.2,6.5,2.3,76.5,70.0,8.5,4.06,20.1,297,,0.583,,15.9,86.8,,,1.6,,,,,43.8,,22.0,0.95,1,1,1,0,0,0,0,1,mixed_deficiency,iron_B12
P000603,69,F,109.9,3.55,35.3,98.9,30.9,309.3,17.8,263,4.75,,82.3,24.5,2.3,67.3,42.8,36.4,,,185,14.1,1.261,,4.4,,,0.34,,2,102,72,,41.6,271,,0.93,1,0,1,0,0,0,0,0,B12_deficiency_anemia,B12_deficiency
P000604,51,F,145.6,4.73,41.5,88.2,30.8,344.2,13.1,229,5.82,,94.8,18.6,1.71,84.8,66.2,21.9,1.7,,,,,,,74.0,,,2.2,,,,1.36,45.7,,,,0,0,0,0,0,0,0,0,no_anemia_no_deficiency,none
P000605,25,F,114.7,3.87,36.3,94.9,29.6,315.1,15.7,374,3.55,0.3,,,,,,,,,,,0.256,,,,10.2,0.15,2.2,2,63,123,,44.9,163,5.3,,1,0,0,0,0,1,0,0,copper_deficiency,copper_deficiency
P000606,40,F,102.0,3.89,30.8,79.4,26.2,332.0,12.8,146,9.37,1.5,136.2,8.6,1.36,45.9,37.3,18.7,,,,,,,,,,0.35,51.1,53,,,1.65,34.2,280,7.1,,1,0,0,0,0,0,1,0,inflammation_anemia,inflammation
P000607,74,M,153.6,4.47,47.4,106.4,34.3,319.0,18.6,213,5.58,1.1,,,,,,,,,138,20.7,1.273,23.5,,46.4,,,,,71,96,,41.9,247,,0.75,0,0,1,0,0,0,0,0,B12_deficiency_no_anemia,B12_deficiency
P000608,77,M,98.3,3.57,32.0,89.4,27.5,302.8,19.2,171,2.25,,,8.9,2.96,80.7,71.8,11.0,,,101,,,,,,,0.31,,23,,,,42.2,391,,,1,1,1,0,0,0,0,1,mixed_deficiency,iron_B12
P000609,43,F,140.5,4.53,42.7,95.0,31.0,327.4,14.0,296,7.76,,41.7,,,,,,,,661,,,7.7,4.8,,,,1.8,2,52,125,5.16,43.1,167,,,0,0,0,0,0,0,0,0,no_anemia_no_deficiency,none
P000610,75,F,152.4,6.0,49.0,81.5,25.4,308.9,17.2,312,3.45,,26.0,3.1,3.47,88.6,85.5,3.5,,,,,,,13.4,23.7,,,1.6,,,,2.97,,,4.6,1.16,0,1,0,0,0,0,0,0,latent_deficiency,iron_deficiency
P000611,48,F,106.1,3.39,32.3,95.5,31.3,334.0,18.4,262,4.76,1.5,,15.1,2.63,55.4,40.3,27.3,,30.5,281,33.1,,,13.7,,,,1.6,6,,,3.99,,,25.6,,1,0,1,0,0,0,0,0,B12_deficiency_anemia,B12_deficiency
P000612,77,M,91.9,2.48,29.4,118.6,37.0,317.5,16.4,93,4.77,,,,,,,,1.46,,128,,,,,,,,,,91,69,0.59,,258,,0.96,1,0,1,0,0,0,0,0,B12_deficiency_anemia,B12_deficiency
P000613,76,F,128.7,4.58,39.8,87.0,28.1,329.5,13.5,375,6.13,,40.5,,,,,,,,282,22.2,0.581,,,,,,4.6,,78,85,,43.2,,,,0,0,1,0,0,0,0,0,B12_deficiency_no_anemia,B12_deficiency
P000614,61,M,115.3,3.97,36.8,93.6,29.1,318.8,14.2,144,3.44,,,,,,,,,,869,,,12.3,14.3,,,,2.3,16,181,29,,37.6,187,,,1,0,0,0,0,0,0,0,anemia_other,undetermined
P000615,55,M,152.1,5.28,47.8,90.8,28.8,316.1,12.5,272,3.73,1.0,150.4,,,,,,,,,118.1,0.126,,13.2,,,,0.6,,81,88,1.56,,205,4.1,,0,0,0,0,0,0,0,0,no_anemia_no_deficiency,none
P000616,69,F,107.5,3.8,35.3,93.2,28.3,308.9,24.9,324,3.25,0.7,,27.4,2.36,66.0,38.6,41.5,1.25,33.0,204,,0.638,22.9,,,,,1.3,7,77,78,6.95,,203,,0.5,1,0,1,0,0,0,0,0,B12_deficiency_anemia,B12_deficiency
P000617,81,F,111.1,4.45,35.6,79.3,25.0,314.9,21.3,380,9.6,,7.2,,,,,,4.05,25.8,410,,,,1.3,,,,,,,,,,,,0.9,1,1,0,1,0,0,0,1,mixed_deficiency,iron_folate
P000618,55,F,92.3,3.37,27.7,81.3,27.4,332.3,14.8,290,4.43,1.7,98.3,13.7,2.34,61.4,47.7,22.3,,34.4,617,101.9,0.528,,10.8,,,,0.5,2,112,40,2.16,,,9.1,0.76,1,0,0,0,0,0,0,0,anemia_other,undetermined
P000619,38,F,88.1,2.65,28.9,109.1,33.2,309.1,22.4,228,3.97,1.6,47.7,,,,,,,,128,12.7,0.377,,1.5,,,,12.4,10,102,87,3.17,40.9,443,32.8,0.97,1,0,1,1,0,0,0,1,mixed_deficiency,B12_folate
P000620,44,F,95.3,4.92,32.6,66.7,19.4,290.6,16.9,242,4.16,1.2,10.0,4.8,3.01,86.6,81.8,5.5,,24.6,193,75.0,0.241,,15.6,,,0.39,2.0,12,77,97,,41.0,,,,1,1,0,0,0,0,0,0,iron_deficiency_anemia,iron_deficiency
P000621,35,F,97.7,3.64,30.5,84.6,26.8,320.7,13.5,263,3.62,,,16.1,2.71,76.1,60.0,21.2,,,675,,,,10.2,,,,,,183,32,1.99,,201,,1.29,1,0,0,0,0,0,0,0,anemia_other,undetermined
P000622,52,F,121.9,3.88,39.3,101.5,31.5,313.4,14.5,189,7.06,1.1,,,,,,,1.85,,256,40.4,0.609,,,,,,1.4,11,,,,41.1,,,,0,0,1,0,0,0,0,0,B12_deficiency_no_anemia,B12_deficiency
P000623,40,F,135.6,4.58,41.1,90.0,29.6,330.3,11.8,242,8.1,0.7,,17.7,2.06,67.2,49.5,26.3,,,,,,,,,,0.27,,,73,112,,41.2,,,,0,0,0,0,0,0,0,0,no_anemia_no_deficiency,none
P000624,89,F,133.9,6.34,46.6,74.0,21.1,284.5,16.3,153,6.84,1.2,88.3,,,,,,2.3,,784,,,,,,,,,,,,1.05,39.3,,,,0,0,0,0,1,0,0,0,B6_deficiency,B6_deficiency
P000625,29,F,151.8,5.13,44.7,88.1,29.6,341.6,13.6,290,8.55,1.6,,,,,,,,,,,,,11.7,,,,1.5,2,95,86,1.92,43.2,,,,0,0,0,0,0,0,0,0,no_anemia_no_deficiency,none
P000626,41,F,102.7,3.5,31.4,90.2,29.4,325.9,13.2,76,5.08,1.4,106.0,,,,,,1.4,36.2,363,,0.143,7.3,3.7,,7.4,0.11,2.9,,52,125,,,202,,,1,0,0,0,0,1,0,0,copper_deficiency,copper_deficiency
P000627,79,M,94.7,3.9,31.4,80.1,24.3,301.2,23.2,174,4.57,0.7,10.2,11.3,4.02,92.4,81.1,12.2,,,289,107.8,,,12.4,,,,2.0,,88,76,,39.0,174,6.1,,1,1,0,0,0,0,0,0,iron_deficiency_anemia,iron_deficiency
P000628,81,M,106.6,3.46,32.6,93.9,30.8,331.6,18.1,102,4.01,,24.0,19.3,2.55,57.0,37.7,33.9,,,258,44.0,,,,,,,0.7,21,94,68,1.04,,432,21.7,0.87,1,0,1,0,0,0,0,0,B12_deficiency_anemia,B12_deficiency
P000629,51,M,149.8,5.03,44.4,87.9,29.8,335.3,11.9,163,5.01,1.9,,14.7,2.91,62.0,47.3,23.7,,,220,94.5,,,14.4,,,,,2,95,93,,41.6,,,1.27,0,0,0,0,0,0,0,0,no_anemia_no_deficiency,none
P000630,73,F,126.1,4.0,37.5,94.6,31.5,336.7,17.2,353,8.17,,66.0,10.8,2.59,52.0,41.2,20.8,,28.0,107,16.4,1.086,,,,,,0.9,,63,96,1.48,,,8.1,2.03,0,0,1,0,0,0,0,0,B12_deficiency_no_anemia,B12_deficiency
P000631,38,F,155.0,5.68,49.6,86.4,27.3,312.8,13.3,278,5.95,1.6,47.2,23.1,2.11,60.7,37.6,38.1,,,524,,,8.8,,,,,,14,,,,,,,,0,0,0,0,0,0,0,0,no_anemia_no_deficiency,none
P000632,36,F,138.6,5.14,44.5,86.7,27.0,307.7,14.2,409,7.53,,8.1,9.4,3.78,74.3,64.9,12.7,,,,,0.146,,,,,,,8,60,116,,,,4.1,,0,1,0,0,0,0,0,0,latent_deficiency,iron_deficiency
P000633,66,F,133.7,4.63,38.9,83.8,28.9,341.6,13.9,252,7.81,,63.6,31.0,2.7,76.7,45.7,40.4,,,,,,,,,,,9.8,11,89,80,,40.0,,,,0,0,0,0,0,0,0,0,no_anemia_no_deficiency,none
P000634,62,F,111.1,4.16,35.6,85.1,26.7,315.9,15.2,274,7.28,,41.7,8.0,2.73,72.9,64.9,11.0,,25.2,,,0.163,,,,,,2.6,15,61,106,1.87,46.3,154,,,1,1,0,0,0,0,0,0,iron_deficiency_anemia,iron_deficiency
P000635,42,F,123.1,3.98,36.7,92.6,31.0,339.0,15.8,209,8.98,,,,,,,,,,,,0.168,,2.7,,,,2.7,,84,101,,,,,,0,0,0,1,0,0,0,0,folate_deficiency_no_anemia,folate_deficiency
P000636,51,M,100.9,2.95,31.3,105.4,34.2,321.2,15.6,280,3.85,,47.6,14.1,2.6,53.6,39.5,26.3,,,282,41.6,,29.0,4.3,,,,,8,90,81,,,,28.6,,1,0,1,1,0,0,0,1,mixed_deficiency,B12_folate
P000637,75,M,115.9,3.65,36.0,98.6,31.8,326.1,23.1,91,5.02,1.3,81.1,15.0,2.63,57.3,42.3,26.2,,,,12.7,1.239,,,,,,,,80,74,,42.2,,10.7,0.17,1,0,1,0,0,0,0,0,B12_deficiency_anemia,B12_deficiency
P000638,69,M,101.6,3.52,31.0,87.3,28.9,333.6,14.4,269,9.51,0.6,233.5,5.7,1.99,44.3,38.6,12.9,,,292,,,,4.9,,,,10.5,19,92,78,,31.7,212,,,1,0,0,0,0,0,1,0,inflammation_anemia,inflammation
P000639,77,F,129.4,3.43,37.1,107.1,37.7,346.9,15.2,294,6.13,0.9,,,,,,,,,190,17.2,,,,,,,,,77,95,1.4,45.5,,,,0,0,1,0,0,0,0,0,B12_deficiency_no_anemia,B12_deficiency
P000640,73,F,145.5,5.12,44.0,86.1,28.4,328.6,15.7,388,4.06,1.2,10.1,,,,,,,24.0,878,,,,,,,,,,92,79,,47.6,187,,,0,1,0,0,0,0,0,0,latent_deficiency,iron_deficiency
P000641,63,M,86.7,2.41,25.6,106.1,36.0,340.7,18.8,210,4.88,1.6,37.3,,,,,,,32.4,183,,,,1.5,,,,1.7,,98,86,2.01,43.7,439,,,1,0,1,1,0,0,0,1,mixed_deficiency,B12_folate
P000642,39,F,137.7,4.68,41.8,88.9,29.4,328.4,15.2,362,5.31,1.5,,,,,,,,30.1,512,,,29.6,3.0,,,,,,71,103,3.01,44.2,200,,1.76,0,0,0,1,0,0,0,0,folate_deficiency_no_anemia,folate_deficiency
P000643,34,F,79.1,2.18,25.4,116.7,36.3,319.3,18.4,160,2.41,0.4,69.2,,,,,,,32.5,189,12.8,,,,,,,2.1,,57,125,,45.5,327,,,1,0,1,0,0,0,0,0,B12_deficiency_anemia,B12_deficiency
P000644,63,F,102.5,4.66,32.8,69.7,22.0,309.2,21.0,434,7.09,1.9,7.8,3.3,3.82,64.0,60.7,5.2,,,344,72.1,,,4.4,,15.7,,1.2,13,79,95,,37.6,194,,,1,1,0,0,0,0,0,0,iron_deficiency_anemia,iron_deficiency
P000645,74,F,135.0,4.35,42.5,97.5,31.0,320.6,13.9,119,6.95,,177.4,22.4,2.47,59.1,36.7,37.9,2.11,,187,38.9,0.558,,,59.8,,,,,,,,,232,,,0,0,1,0,0,0,0,0,B12_deficiency_no_anemia,B12_deficiency
P000646,87,M,155.4,6.05,48.1,79.7,25.7,321.7,14.9,305,4.11,1.5,,7.4,3.33,76.8,69.4,9.6,,20.3,,,,,,,,,,20,95,63,1.39,43.1,,11.9,,0,1,0,0,0,0,0,0,latent_deficiency,iron_deficiency
P000647,83,F,79.3,2.82,23.6,83.6,28.1,330.2,,217,6.0,,89.9,17.7,2.53,65.6,47.9,27.0,1.63,32.6,,,,,7.4,,11.8,0.21,,,221,57,,,,3.9,,1,0,0,0,0,0,0,0,anemia_other,undetermined
P000648,61,M,90.2,2.88,27.4,95.5,31.3,325.7,18.6,226,3.95,1.0,131.4,,,,,,1.84,,,45.5,0.26,,4.1,,,0.25,,2,110,61,,37.7,,12.0,,1,0,0,1,0,0,0,0,folate_deficiency_anemia,folate_deficiency
P000649,87,F,135.4,4.2,41.4,99.2,32.2,323.6,15.4,191,7.47,,28.2,,,,,,,,,,,,,,,,1.2,,83,77,,41.0,,,,0,0,0,1,0,0,0,0,folate_deficiency_no_anemia,folate_deficiency
P000650,93,M,140.5,4.74,42.1,88.9,29.6,333.7,16.6,286,6.57,0.5,,32.6,2.31,79.6,47.0,41.0,,33.6,101,,0.57,24.4,,,,,2.9,16,73,79,0.26,,,,,0,0,1,0,0,0,0,0,B12_deficiency_no_anemia,B12_deficiency
P000651,28,F,138.0,5.23,43.0,81.6,26.4,323.5,17.2,225,9.33,1.5,6.3,12.3,3.57,96.9,84.6,12.7,,,686,45.3,,,,,,,,11,52,125,,42.1,,,1.77,0,1,0,0,0,0,0,0,latent_deficiency,iron_deficiency
P000652,53,F,91.2,3.11,27.8,89.3,29.3,328.1,20.0,226,3.1,1.1,356.1,,,,,,,34.6,,98.0,,9.8,,,,0.18,,11,,,,48.7,215,,1.63,1,0,0,0,0,1,0,0,copper_deficiency,copper_deficiency
P000653,65,M,121.9,4.34,35.6,81.8,28.1,343.4,16.1,158,8.03,,109.5,,,,,,,,494,,,,,7.1,,,13.4,19,89,91,4.35,43.3,210,14.0,1.65,1,0,0,0,1,0,0,0,B6_deficiency,B6_deficiency
P000654,52,F,112.2,3.73,34.4,92.2,30.1,326.3,15.8,259,8.55,0.3,88.4,11.6,2.55,60.0,48.4,19.3,1.49,,,,,,4.7,,,,9.8,12,260,38,,45.3,,,,1,0,0,0,0,0,0,0,anemia_other,undetermined
P000655,69,F,84.9,2.3,26.0,112.8,36.9,318.7,16.2,190,7.63,1.7,81.9,18.0,1.77,80.9,62.9,22.2,,,124,,0.752,,,,,,,15,68,85,1.49,,548,,,1,0,1,0,0,0,0,0,B12_deficiency_anemia,B12_deficiency
P000656,71,M,101.6,3.94,32.5,81.8,25.8,316.2,19.0,259,9.32,0.8,14.7,3.8,3.47,76.0,72.2,5.0,,,131,,0.954,,,94.1,,,0.6,,78,96,,48.5,429,,,1,1,1,0,0,0,0,1,mixed_deficiency,iron_B12
P000657,37,F,110.4,4.45,36.2,81.3,24.8,306.4,17.4,254,5.84,,21.9,11.3,3.11,74.4,63.1,15.2,3.9,,500,96.5,,,11.2,,16.1,,,2,69,113,2.07,40.6,,,,1,1,0,0,0,0,0,0,iron_deficiency_anemia,iron_deficiency
P000658,69,F,116.5,4.06,38.2,93.8,28.7,304.0,17.5,367,5.99,,6.5,6.9,3.78,68.0,61.1,10.1,2.41,,93,,0.513,,13.6,,,,2.1,13,82,73,,43.8,315,7.3,1.04,1,1,1,0,0,0,0,1,mixed_deficiency,iron_B12
P000659,41,F,143.9,5.31,45.0,83.9,27.1,318.7,12.3,417,8.07,1.7,59.3,,,,,,,,,,,,,,,,,,55,125,,,,9.4,,0,0,0,0,0,0,0,0,no_anemia_no_deficiency,none
P000660,44,M,99.8,3.59,31.9,88.9,27.8,309.9,16.2,233,7.52,0.3,383.4,5.0,1.66,45.2,40.2,11.1,1.58,,461,,,,,74.7,,,43.7,40,,,,38.9,,4.2,0.96,1,0,0,0,0,0,1,0,inflammation_anemia,inflammation
P000661,71,F,106.3,4.22,34.1,80.5,25.2,308.9,16.6,200,4.75,,10.4,9.3,2.75,85.2,75.9,10.9,,26.4,,,,,9.3,,,0.42,1.4,,,,,41.6,166,,1.24,1,1,0,0,0,0,0,0,iron_deficiency_anemia,iron_deficiency
P000662,31,F,104.5,3.91,32.8,83.8,26.7,317.7,13.5,261,3.87,1.0,,19.3,2.72,65.8,46.5,29.3,,33.7,,,,7.7,,19.1,,,13.1,,71,104,,45.7,,13.1,0.75,1,0,0,0,1,0,0,0,B6_deficiency,B6_deficiency
P000663,26,F,99.2,3.45,32.5,94.2,28.7,302.8,14.4,210,5.16,,30.5,11.7,2.73,66.8,55.1,17.5,,25.6,536,,,,13.5,,19.3,,0.5,4,84,95,2.03,41.3,,8.9,0.98,1,1,0,0,0,0,0,0,iron_deficiency_anemia,iron_deficiency
P000664,68,F,132.0,4.47,39.3,88.0,29.5,331.7,12.9,279,7.5,,,,,,,,,33.9,254,,,,,,,,0.7,9,,,0.98,,,,,0,0,0,0,0,0,0,0,no_anemia_no_deficiency,none
P000665,42,F,90.9,2.68,28.5,105.3,33.9,321.1,18.2,107,7.07,2.1,,,,,,,,,162,,0.975,21.1,15.2,,,,2.1,4,95,94,,42.7,501,,0.32,1,0,1,0,0,0,0,0,B12_deficiency_anemia,B12_deficiency
P000666,56,F,96.6,3.0,28.2,93.9,32.2,340.5,14.8,259,5.25,,70.4,23.1,2.86,64.1,41.0,36.0,,30.8,,,,,,,,,2.9,3,154,42,,38.3,243,,,1,0,0,0,0,0,0,0,anemia_other,undetermined
P000667,52,F,142.3,5.33,44.5,83.2,26.7,317.9,16.3,290,6.01,,7.7,,,,,,,,662,,,9.2,,,,,,,,,,45.3,,,,0,1,0,0,0,0,0,0,latent_deficiency,iron_deficiency
P000668,65,F,114.2,3.57,33.6,93.7,31.9,340.1,14.4,305,5.81,,113.4,13.4,3.0,62.2,48.8,21.5,,31.6,702,,,,14.1,,,,,2,117,35,2.15,39.6,,,1.37,1,0,0,0,0,0,0,0,anemia_other,undetermined
P000669,42,F,78.8,3.06,24.5,80.4,25.8,320.9,22.3,336,5.32,0.7,41.8,11.3,2.73,64.5,53.2,17.5,3.9,,,,0.18,,3.5,,,,13.1,,59,125,,,182,,,1,1,0,1,0,0,0,1,mixed_deficiency,iron_folate
P000670,60,F,129.9,4.98,41.3,83.3,26.1,317.4,13.1,233,7.33,,37.0,9.3,3.37,78.6,69.3,11.8,,,,,0.152,,,,,,,,53,125,,46.3,,,,0,1,0,0,0,0,0,0,latent_deficiency,iron_deficiency
P000671,50,F,130.9,4.38,39.0,89.7,29.9,333.6,13.3,294,7.47,,,11.7,3.17,80.1,68.4,14.6,4.95,,526,,,,12.6,,,,1.6,,,,4.33,,,,,0,1,0,0,0,0,0,0,latent_deficiency,iron_deficiency
P000672,21,F,86.7,2.75,25.1,90.9,31.5,336.2,13.4,208,9.05,2.2,,,,,,,,34.4,446,,,,5.2,,,,1.7,,119,43,2.91,,,,,1,0,0,0,0,0,0,0,anemia_other,undetermined
P000673,68,F,106.5,4.51,34.1,75.8,23.6,309.5,19.5,262,5.0,,150.9,,,,,,1.76,,,59.4,,,,13.2,,,0.7,,46,125,,43.4,203,,,1,0,0,0,1,0,0,0,B6_deficiency,B6_deficiency
P000674,89,F,132.9,4.25,38.8,91.4,31.3,335.9,13.1,263,3.84,1.8,,,,,,,1.61,28.4,178,,,32.5,,,,,2.8,11,84,73,1.37,39.0,,,,0,0,1,0,0,0,0,0,B12_deficiency_no_anemia,B12_deficiency
P000675,64,F,81.6,2.62,25.2,95.3,31.1,322.7,14.1,233,7.02,,69.4,18.4,3.48,58.4,40.0,31.5,,,200,,0.369,21.8,,,,,0.8,,,,2.13,,,22.0,0.86,1,0,1,0,0,0,0,0,B12_deficiency_anemia,B12_deficiency
P000676,46,M,94.9,3.91,32.0,82.4,24.3,299.6,18.0,348,8.53,0.9,18.6,,,,,,,,156,,,,5.9,,,,6.4,19,62,120,,,,14.3,,1,1,1,0,0,0,0,1,mixed_deficiency,iron_B12
P000677,77,M,143.3,4.84,42.8,87.7,29.6,334.5,16.6,282,4.57,,25.8,17.6,2.77,54.2,36.6,32.5,,,155,,,,,,,0.32,,,89,69,,,,,,0,0,1,0,0,0,0,0,B12_deficiency_no_anemia,B12_deficiency
P000678,84,F,105.7,3.45,31.9,91.8,30.6,322.4,15.5,292,7.33,0.8,168.2,5.4,1.51,40.6,35.2,13.3,,25.0,,92.4,,,,,,,105.2,70,60,96,,,,,1.12,1,0,0,0,0,0,1,0,inflammation_anemia,inflammation
P000679,63,F,124.7,3.78,38.5,101.8,33.0,322.5,14.3,220,5.38,,71.8,,,,,,,31.7,114,10.0,,32.3,15.4,,13.2,,,,61,111,,,,,,0,0,1,0,0,0,0,0,B12_deficiency_no_anemia,B12_deficiency
P000680,72,F,149.4,5.92,48.7,82.2,25.2,308.8,14.5,202,6.93,,7.1,9.6,3.78,71.3,61.7,13.5,,,,,,,,51.0,,,,11,,,,45.8,,,1.48,0,1,0,0,0,0,0,0,latent_deficiency,iron_deficiency
P000681,44,F,97.7,2.79,29.4,106.7,35.1,331.6,14.0,252,3.5,,61.6,,,,,,,,290,,,18.2,2.3,,,,1.4,,62,114,2.28,44.3,,11.8,,1,0,0,1,0,0,0,0,folate_deficiency_anemia,folate_deficiency
P000682,88,M,162.6,6.68,53.6,80.1,24.4,308.7,16.2,329,4.5,1.8,,5.8,3.54,64.3,58.5,9.0,,,,92.4,0.154,,,,,,1.0,29,80,77,2.97,47.9,139,,,0,1,0,0,0,0,0,0,latent_deficiency,iron_deficiency
P000683,53,F,116.6,3.47,36.7,105.9,33.6,318.7,16.5,195,2.73,2.0,,25.5,2.4,60.8,35.3,41.9,,,,,,25.9,2.0,,,,4.3,13,81,96,1.41,42.9,267,4.9,0.73,1,0,0,1,0,0,0,0,folate_deficiency_anemia,folate_deficiency
P000684,53,F,84.6,3.08,27.1,87.9,27.4,315.5,21.0,182,2.79,,,16.3,2.5,57.9,41.6,28.2,,,228,39.7,,27.3,,,,0.3,3.4,7,67,122,,43.8,403,24.6,0.26,1,0,1,0,0,0,0,0,B12_deficiency_anemia,B12_deficiency
P000685,78,M,155.5,5.33,48.0,90.8,29.2,328.9,13.2,226,5.82,,,19.3,1.83,49.6,30.3,38.9,,,486,78.2,,,,,,,,14,83,86,,36.5,,13.6,,0,0,0,0,0,0,0,0,no_anemia_no_deficiency,none
P000686,31,F,77.4,3.11,26.6,84.9,24.9,293.6,21.0,375,4.49,0.3,29.8,12.9,3.05,68.0,55.1,19.0,5.68,,452,,,,4.1,,,,,13,79,100,1.97,,,,,1,1,0,1,0,0,0,1,mixed_deficiency,iron_folate
P000687,73,F,89.2,5.11,30.6,60.0,17.4,299.4,19.5,412,5.7,1.1,7.8,3.3,3.31,81.3,78.0,4.1,,,452,,,,,,17.8,0.45,,23,96,64,,,257,,0.82,1,1,0,0,0,0,0,0,iron_deficiency_anemia,iron_deficiency
P000688,90,F,141.1,4.81,43.6,89.9,29.4,325.4,16.1,261,3.38,,,23.6,2.49,57.7,34.1,40.9,,,,,0.592,,,,,,,,,,1.25,45.6,249,,1.37,0,0,1,0,0,0,0,0,B12_deficiency_no_anemia,B12_deficiency
P000689,51,M,112.4,4.06,34.4,84.9,27.7,327.7,19.8,359,4.64,1.4,8.8,7.8,4.09,79.8,72.0,9.8,,22.2,,,0.507,,11.9,,,,,10,86,98,1.46,39.4,382,7.6,,1,1,1,0,0,0,0,1,mixed_deficiency,iron_B12
P000690,86,M,122.1,4.63,38.1,82.7,26.4,326.7,14.7,273,4.29,,43.2,,,,,,,,531,,0.131,,7.0,58.6,,,2.8,16,202,46,1.59,42.1,245,,,1,0,0,0,0,0,0,0,anemia_other,undetermined
P000691,90,F,103.3,3.91,32.4,83.3,26.4,322.6,16.0,350,4.45,,20.3,,,,,,,21.6,873,,,,4.2,,,,,,,,1.83,43.2,,3.7,0.86,1,1,0,0,0,0,0,0,iron_deficiency_anemia,iron_deficiency
P000692,77,F,129.6,3.91,42.7,109.2,33.1,308.7,15.1,177,6.95,,,,,,,,1.04,31.5,110,,1.193,30.1,,,,,,,,,,42.9,199,11.0,,0,0,1,0,0,0,0,0,B12_deficiency_no_anemia,B12_deficiency
P000693,80,M,105.3,4.36,33.2,75.7,24.1,323.1,20.8,442,8.13,,21.8,10.9,3.14,83.8,72.9,13.0,,,,,,13.0,10.1,,,,2.0,,,,2.06,41.3,263,,,1,1,0,0,0,0,0,0,iron_deficiency_anemia,iron_deficiency
P000694,67,M,162.4,5.46,47.0,84.7,29.7,345.8,14.4,244,6.28,,,,,,,,,31.9,,,,11.2,,,,0.24,,,85,91,2.09,48.3,,,,0,0,0,0,0,0,0,0,no_anemia_no_deficiency,none
P000695,40,F,148.0,4.76,43.1,90.9,31.1,341.0,13.3,229,5.84,,27.9,10.5,3.27,72.0,61.5,14.6,,26.9,280,,,,12.8,,,,,2,79,104,2.24,45.3,,,,0,1,0,0,0,0,0,0,latent_deficiency,iron_deficiency
P000696,52,F,93.9,3.88,28.2,72.9,24.2,335.0,17.8,192,9.84,0.9,15.7,7.2,3.18,82.2,75.0,8.8,,,,,,,5.7,,13.1,,4.0,6,80,91,,46.4,,,,1,1,0,0,0,0,0,0,iron_deficiency_anemia,iron_deficiency
P000697,52,M,106.3,3.59,33.4,91.6,29.6,322.6,15.7,163,6.72,1.6,91.2,14.4,2.38,62.6,48.2,23.0,2.28,29.6,,,,,2.8,,,,,11,,,,36.7,198,,,1,0,0,1,0,0,0,0,folate_deficiency_anemia,folate_deficiency
P000698,66,F,109.7,4.09,37.5,92.5,26.9,297.2,19.5,238,7.1,,18.1,9.0,3.48,83.1,74.1,10.8,,23.6,191,25.0,,,,,,,,13,86,79,2.07,44.8,377,8.3,1.27,1,1,1,0,0,0,0,1,mixed_deficiency,iron_B12
P000699,47,F,99.6,2.95,31.8,107.9,33.8,318.7,13.4,264,6.27,,49.4,,,,,,1.82,,577,,,32.2,2.7,60.4,,,1.1,,58,121,,43.1,,13.0,,1,0,0,1,0,0,0,0,folate_deficiency_anemia,folate_deficiency
P000700,84,M,135.7,4.35,39.0,89.6,31.2,349.2,13.3,317,9.5,,,,,,,,1.32,,,,,,,,,,,,,,,,,,,0,0,0,0,0,0,0,0,no_anemia_no_deficiency,none
P000701,49,M,100.8,3.65,31.9,87.1,27.6,311.5,22.6,186,7.65,,4.0,5.9,4.16,78.1,72.2,7.6,,,175,21.2,,,,,,,,,74,112,2.31,,,22.9,,1,1,1,0,0,0,0,1,mixed_deficiency,iron_B12
P000702,42,F,107.0,3.58,34.5,97.5,29.9,313.3,14.6,237,10.37,1.6,72.4,17.2,1.95,56.8,39.6,30.3,,,,,,12.8,,,,,,4,,,,,165,,,1,0,0,0,0,0,0,0,anemia_other,undetermined
P000703,23,F,108.2,3.71,32.8,87.7,29.2,335.2,13.9,303,4.94,,142.5,20.3,2.56,72.7,52.4,27.9,,32.3,,,,,4.5,,10.4,0.15,5.2,,,,,43.4,160,4.3,,1,0,0,0,0,1,0,0,copper_deficiency,copper_deficiency
P000704,47,F,103.5,3.61,31.6,87.9,28.7,327.3,12.6,266,9.6,0.7,67.4,22.7,2.26,57.3,34.6,39.6,,,,,,,,,,,,3,80,97,,35.1,,10.9,1.13,1,0,0,0,0,0,0,0,anemia_other,undetermined
P000705,65,F,128.8,4.23,38.7,91.2,30.4,336.0,14.8,142,8.53,,38.9,,,,,,1.17,30.3,,68.9,,,14.1,,,,,2,86,73,,,293,,0.71,0,0,0,0,0,0,0,0,no_anemia_no_deficiency,none
P000706,89,F,75.8,2.77,22.7,82.3,27.4,335.0,16.4,117,7.01,1.4,10.8,5.1,3.0,94.0,88.9,5.4,,,553,55.7,,,,,,,1.5,13,,,2.23,48.3,172,,1.36,1,1,0,0,0,0,0,0,iron_deficiency_anemia,iron_deficiency
P000707,48,F,95.0,3.52,28.5,81.2,27.0,332.7,15.4,399,12.07,,,4.6,1.69,50.6,46.0,9.1,,27.7,392,63.0,,,,,,,47.4,45,,,1.3,,,8.5,,1,0,0,0,0,0,1,0,inflammation_anemia,inflammation
P000708,73,M,110.0,4.0,33.9,84.6,27.5,323.2,16.3,209,7.49,,99.1,21.6,2.37,71.9,50.3,30.0,1.78,33.5,,,,,,20.7,,,,21,84,77,1.22,42.7,,,,1,0,0,0,1,0,0,0,B6_deficiency,B6_deficiency
P000709,80,F,106.8,3.82,34.5,90.4,28.0,309.6,22.0,377,6.53,0.9,27.4,12.1,3.16,73.1,61.0,16.6,,,190,22.4,0.645,28.3,6.1,,,0.28,10.6,8,91,77,1.41,,191,,,1,1,1,0,0,0,0,1,mixed_deficiency,iron_B12
P000710,18,F,89.1,4.73,30.2,63.9,18.8,293.9,17.9,403,6.94,,11.5,8.1,3.07,78.3,70.2,10.3,3.69,,271,,,14.4,,,,,,,,,1.75,44.1,,5.1,1.34,1,1,0,0,0,0,0,0,iron_deficiency_anemia,iron_deficiency
P000711,64,M,88.9,2.39,27.3,114.6,37.2,325.0,17.5,290,6.39,0.6,24.0,14.9,2.93,71.9,57.0,20.7,,,126,,0.41,,8.3,,13.7,,5.2,9,83,94,1.69,36.9,573,30.2,0.77,1,0,1,0,0,0,0,0,B12_deficiency_anemia,B12_deficiency
P000712,24,F,86.4,2.72,27.4,101.3,31.8,311.5,19.1,246,4.92,,191.7,,,,,,1.97,,153,11.6,,40.7,13.5,,,,1.7,5,,,2.85,42.9,241,,0.88,1,0,1,0,0,0,0,0,B12_deficiency_anemia,B12_deficiency
P000713,52,F,129.2,4.39,38.8,88.4,29.4,327.3,18.4,247,4.22,,33.0,15.1,2.62,54.4,39.3,27.8,1.41,,245,24.1,0.444,19.1,,,14.2,,1.2,4,73,112,,44.0,,,,0,0,1,0,0,0,0,0,B12_deficiency_no_anemia,B12_deficiency
P000714,28,F,138.7,4.23,40.9,95.4,32.8,341.1,13.0,260,9.2,,,,,,,,,,,,,,4.4,,19.2,,,,,,1.07,44.2,,,,0,0,0,0,0,0,0,0,no_anemia_no_deficiency,none
P000715,42,F,84.0,2.84,25.6,90.8,29.6,324.4,14.7,285,6.13,1.0,,25.7,1.8,68.8,43.1,37.4,2.24,,625,67.1,,,13.5,,,,,8,132,32,5.11,41.0,,,1.95,1,0,0,0,0,0,0,0,anemia_other,undetermined
P000716,69,F,87.5,2.48,27.6,111.4,35.3,323.4,13.7,304,3.62,1.5,43.9,13.9,2.34,69.4,55.5,20.0,1.92,,267,41.3,,32.9,1.6,,14.2,,0.9,2,,,,41.1,,7.2,1.19,1,0,0,1,0,0,0,0,folate_deficiency_anemia,folate_deficiency
P000717,36,F,79.8,2.43,23.6,97.2,32.8,328.7,15.6,198,6.09,0.8,84.7,15.5,2.73,60.0,44.5,25.8,,32.9,485,,,,,,,,5.3,9,70,103,,,,3.0,,1,0,0,0,0,0,0,0,anemia_other,undetermined
P000718,47,F,133.8,5.41,43.4,79.8,24.8,309.0,16.4,357,7.71,,15.1,8.9,3.0,88.9,80.0,10.0,3.61,,578,,0.184,,14.2,38.7,,,,5,,,,34.1,169,,,0,1,0,0,0,0,0,0,latent_deficiency,iron_deficiency
P000719,48,F,105.5,3.02,32.2,106.2,35.0,323.1,14.2,233,6.68,1.9,31.7,,,,,,,,190,,0.628,25.4,,,,,2.1,,60,125,0.68,,436,23.4,0.3,1,0,1,1,0,0,0,1,mixed_deficiency,B12_folate
P000720,84,F,96.6,4.25,32.5,76.4,22.7,296.6,20.7,309,6.12,0.4,12.4,,,,,,,,,,,,4.2,,,,0.7,,88,85,,41.3,,,1.08,1,1,0,0,0,0,0,0,iron_deficiency_anemia,iron_deficiency
P000721,52,F,129.3,4.68,40.7,87.5,27.6,316.5,13.1,205,3.6,,,,,,,,,,128,,,,11.0,,,,2.8,2,70,103,,43.7,,,,0,0,1,0,0,0,0,0,B12_deficiency_no_anemia,B12_deficiency
P000722,28,M,110.0,4.03,35.6,88.3,27.3,312.5,13.0,108,6.19,1.0,,,,,,,1.52,33.0,,,0.126,,,,,,0.8,10,139,27,,,228,,1.95,1,0,0,0,0,0,0,0,anemia_other,undetermined
P000723,38,F,82.7,3.45,24.7,71.1,24.0,333.7,18.9,279,6.82,0.7,22.4,,,,,,,,271,,0.12,,4.2,,,,1.0,,94,96,1.93,45.0,,,2.0,1,1,0,0,0,0,0,0,iron_deficiency_anemia,iron_deficiency
P000724,45,F,92.3,2.76,30.1,108.6,33.5,308.3,17.6,136,2.75,1.1,,,,,,,,,,13.7,1.23,20.7,,,,,0.3,2,71,109,1.69,44.1,335,24.4,0.22,1,0,1,1,0,0,0,1,mixed_deficiency,B12_folate
P000725,58,M,58.5,2.85,20.5,71.6,20.5,292.8,23.7,308,5.33,1.7,9.8,8.2,3.86,81.6,73.4,10.0,,,358,,0.249,,5.1,,,,,15,,,,,,4.3,1.75,1,1,0,0,0,0,0,0,iron_deficiency_anemia,iron_deficiency
P000726,46,F,94.6,3.88,31.4,80.9,24.4,303.3,24.4,365,5.8,0.9,,6.1,3.82,96.9,90.8,6.3,,,319,74.6,,,2.7,,,,,12,48,125,2.34,42.4,252,,,1,1,0,1,0,0,0,1,mixed_deficiency,iron_folate
P000727,48,F,94.0,2.66,27.1,101.3,35.4,341.4,20.8,185,3.66,,,20.3,2.8,63.4,43.1,32.0,,,84,,,,2.1,,,,1.5,11,60,115,,,356,23.0,0.33,1,0,1,1,0,0,0,1,mixed_deficiency,B12_folate
P000728,51,F,125.6,3.53,38.1,108.5,35.6,330.5,14.9,261,5.42,0.5,34.9,,,,,,,,179,27.9,0.665,33.7,,32.7,,,,9,69,105,,45.6,,,,0,0,1,0,0,0,0,0,B12_deficiency_no_anemia,B12_deficiency
P000729,93,F,109.2,4.36,35.3,81.2,25.0,318.3,14.6,276,7.43,1.3,105.4,5.2,2.72,46.7,41.5,11.1,,25.9,562,,,,5.3,,,,49.3,37,86,62,,32.5,257,7.5,0.92,1,0,0,0,0,0,1,0,inflammation_anemia,inflammation
P000730,54,M,145.9,6.6,50.9,76.9,22.1,285.0,13.2,208,5.89,1.0,,,,,,,,,,,0.22,,4.2,12.7,,,,18,,,,44.5,,,,0,0,0,0,1,0,0,0,B6_deficiency,B6_deficiency
P000731,64,M,109.0,4.27,35.6,83.2,25.5,305.3,18.0,349,5.69,,20.5,,,,,,,25.5,,,0.167,,4.5,,,,,12,80,88,1.59,44.2,,,1.65,1,1,0,1,0,0,0,1,mixed_deficiency,iron_folate
P000732,79,F,133.6,4.24,42.4,101.2,31.5,315.5,13.9,254,5.23,,24.0,22.0,3.3,67.6,45.6,32.5,,,113,17.9,1.023,29.0,4.4,,,,,,64,94,,46.6,,10.8,,0,0,1,0,0,0,0,0,B12_deficiency_no_anemia,B12_deficiency
P000733,51,F,80.1,3.05,26.3,86.5,26.3,307.5,18.5,351,5.24,,6.9,10.1,3.23,84.4,74.3,12.0,,,,,,28.5,2.1,,,,,17,61,122,1.38,41.2,263,12.2,,1,1,0,1,0,0,0,1,mixed_deficiency,iron_folate
P000734,74,F,115.8,3.49,33.8,95.5,33.2,339.0,16.2,367,2.39,0.9,,12.8,2.51,49.7,36.9,25.8,2.05,,270,36.7,,29.7,10.7,,19.4,,1.6,11,93,79,3.37,44.7,364,,0.62,1,0,1,0,0,0,0,0,B12_deficiency_anemia,B12_deficiency
P000735,39,F,131.2,4.18,40.4,97.2,31.4,321.9,14.4,278,3.32,1.3,113.1,16.6,2.96,64.2,47.6,25.9,,32.2,,,0.18,,2.5,,,,0.8,8,,,1.25,43.6,,,0.98,0,0,0,1,0,0,0,0,folate_deficiency_no_anemia,folate_deficiency
P000736,24,F,94.4,3.97,31.1,78.6,23.7,303.3,18.7,157,7.84,,20.2,11.9,3.35,88.8,76.9,13.4,,,,,,,13.6,,,,2.4,24,,,,44.6,254,,,1,1,0,0,0,0,0,0,iron_deficiency_anemia,iron_deficiency
P000737,47,M,119.3,4.12,37.9,92.3,29.0,313.5,15.0,457,10.7,,317.5,4.6,2.1,56.8,52.2,8.1,1.47,27.3,,,,,11.5,88.5,,,,42,89,97,1.64,,,4.5,1.42,1,0,0,0,0,0,1,0,inflammation_anemia,inflammation
P000738,76,F,81.7,3.39,26.7,79.0,24.1,309.1,18.0,367,4.34,,6.6,6.8,3.21,81.8,75.0,8.3,,26.0,220,,,,15.2,58.1,,0.38,,13,,,,38.7,184,,1.31,1,1,0,0,0,0,0,0,iron_deficiency_anemia,iron_deficiency
P000739,43,F,101.9,4.06,32.1,78.1,25.1,317.1,13.6,162,8.01,1.7,16.3,10.3,2.79,81.6,71.3,12.6,5.12,24.0,428,,,12.8,,,,,,2,,,,44.0,262,,1.21,1,1,0,0,0,0,0,0,iron_deficiency_anemia,iron_deficiency
P000740,44,F,81.1,2.21,25.1,115.0,36.7,322.4,17.3,210,5.27,0.9,67.9,,,,,,,30.9,192,,,28.0,5.1,,18.2,,2.2,7,71,109,,43.0,235,31.4,,1,0,1,0,0,0,0,0,B12_deficiency_anemia,B12_deficiency
P000741,59,F,150.0,5.47,47.1,85.9,27.4,319.8,13.4,182,8.55,1.5,,,,,,,1.04,35.5,,,0.117,13.8,6.8,46.1,,,0.6,,,,,37.6,,5.8,,0,0,0,0,0,0,0,0,no_anemia_no_deficiency,none
P000742,61,M,147.2,5.29,45.6,85.1,27.8,325.5,13.8,290,7.28,,,,,,,,,34.5,,,0.101,,,,,,7.1,11,83,108,,40.8,,,,0,0,0,0,0,0,0,0,no_anemia_no_deficiency,none
P000743,80,F,130.7,5.24,42.0,80.2,24.9,315.0,14.0,268,4.19,,6.5,2.4,2.55,67.0,64.6,3.6,2.42,,340,,,,,,,,,,58,100,,41.5,,14.1,,0,1,0,0,0,0,0,0,latent_deficiency,iron_deficiency
P000744,45,F,87.6,3.09,27.7,89.4,28.3,314.7,17.2,436,5.02,1.3,40.4,6.7,3.25,60.4,53.7,11.1,4.7,24.8,181,,,20.7,13.4,,,,5.7,,,,0.29,,,20.6,1.23,1,1,1,0,0,0,0,1,mixed_deficiency,iron_B12
P000745,72,M,122.9,3.93,39.4,98.9,31.3,313.5,22.4,352,5.75,,39.4,11.7,2.28,58.0,46.3,20.2,,,239,40.9,0.402,,,,,,,11,,,,43.6,455,14.2,0.16,1,0,1,0,0,0,0,0,B12_deficiency_anemia,B12_deficiency
P000746,24,F,82.9,2.48,24.7,99.6,33.5,343.2,16.9,239,6.23,,,21.0,1.97,59.3,38.3,35.4,1.61,,401,,0.162,,,91.6,,,13.5,5,,,3.17,42.0,,4.2,1.55,1,0,0,1,0,0,0,0,folate_deficiency_anemia,folate_deficiency
P000747,80,F,83.9,3.33,28.8,87.1,25.2,288.6,19.2,394,7.27,,5.5,,,,,,,23.5,597,,,,2.3,,,,0.7,18,62,99,2.44,41.1,291,,,1,1,0,1,0,0,0,1,mixed_deficiency,iron_folate
P000748,84,M,116.3,4.63,37.6,81.7,25.1,305.0,14.4,319,5.06,,213.4,24.6,2.59,66.0,41.4,37.3,,,220,,,,9.9,,,,1.1,18,347,40,,40.4,253,13.6,1.92,1,0,0,0,0,0,0,0,anemia_other,undetermined
P000749,27,F,121.5,4.85,36.4,74.2,25.0,333.5,15.9,202,8.03,0.9,,,,,,,0.91,31.6,,,0.145,8.2,,16.5,,,1.5,5,66,115,,,180,,,0,0,0,0,1,0,0,0,B6_deficiency,B6_deficiency
P000750,61,F,107.8,3.08,33.4,107.6,35.0,322.9,18.6,223,4.89,,74.7,16.1,2.53,69.7,53.6,23.1,,,109,25.0,0.845,17.6,,,,,,,85,91,,43.0,270,30.2,0.33,1,0,1,0,0,0,0,0,B12_deficiency_anemia,B12_deficiency
P000751,89,F,162.8,4.96,46.1,92.8,32.9,351.8,13.5,318,10.59,,,,,,,,,36.1,,,,,5.3,,,,3.1,19,76,78,1.78,,,,,0,0,0,0,0,0,0,0,no_anemia_no_deficiency,none
P000752,65,M,104.9,3.79,34.0,89.1,27.7,317.1,16.1,256,7.18,,,,,,,,1.75,,320,,,,3.6,,,,1.6,,164,27,2.06,45.1,,9.9,1.04,1,0,0,0,0,0,0,0,anemia_other,undetermined
P000753,44,F,113.0,4.29,37.6,88.1,26.4,304.7,18.4,448,9.71,1.0,4.7,3.7,3.49,69.1,65.4,5.4,3.84,,,115.5,0.151,,,,,,3.6,7,55,125,0.45,46.7,207,,0.85,1,1,0,1,0,0,0,1,mixed_deficiency,iron_folate
P000754,28,M,150.5,5.69,46.8,81.4,26.4,325.5,15.6,364,6.94,,5.8,7.8,3.19,73.1,65.3,10.7,,,,,0.195,,,,,,,,70,110,1.93,,163,,,0,1,0,0,0,0,0,0,latent_deficiency,iron_deficiency
P000755,58,F,104.9,4.14,33.7,81.1,25.3,312.0,18.9,234,3.14,0.6,9.9,,,,,,,,,,,11.1,,,,,,3,66,107,2.03,39.7,,,,1,1,0,0,0,0,0,0,iron_deficiency_anemia,iron_deficiency
P000756,64,M,127.2,3.76,37.7,100.4,33.8,335.8,17.3,310,3.88,0.7,165.4,,,,,,,30.2,,,,,,,,,8.1,11,92,81,1.5,,240,,,1,0,0,1,0,0,0,0,folate_deficiency_anemia,folate_deficiency
P000757,46,F,138.1,4.26,40.9,96.1,32.4,335.1,14.5,208,4.99,,,16.7,2.88,45.7,29.0,36.5,,,385,,,12.4,,,,,,,68,112,,,,,,0,0,0,0,0,0,0,0,no_anemia_no_deficiency,none
P000758,69,F,102.0,3.98,32.9,82.9,25.7,309.5,22.6,275,4.74,,10.7,7.1,2.64,74.8,67.7,9.5,3.8,,463,,,31.0,2.6,,,,3.3,5,,,,,,,,1,1,0,1,0,0,0,1,mixed_deficiency,iron_folate
P000759,66,F,113.9,3.58,32.3,90.1,31.8,349.2,15.5,406,6.52,,36.5,26.8,2.42,68.0,41.2,39.4,1.06,,,,,,12.6,,,,,,161,29,0.53,41.8,,,,1,0,0,0,0,0,0,0,anemia_other,undetermined
P000760,67,M,154.0,4.75,46.1,97.5,32.4,335.0,12.5,147,4.97,,142.4,24.7,2.94,60.0,35.3,41.2,,,,,,9.3,,,,,0.9,,89,86,,,,13.0,0.98,0,0,0,0,0,0,0,0,no_anemia_no_deficiency,none
P000761,51,F,152.0,4.65,43.6,94.1,32.7,352.0,12.8,207,5.98,1.0,37.8,,,,,,,,,92.7,0.166,,,,,,0.7,8,54,125,,,,,,0,0,0,0,0,0,0,0,no_anemia_no_deficiency,none
P000762,68,F,128.9,3.9,38.8,98.9,33.1,334.4,,193,5.12,,92.9,18.5,3.35,63.3,44.8,29.2,,32.9,,103.1,,,1.7,,,,0.4,7,,,,,,,,0,0,0,1,0,0,0,0,folate_deficiency_no_anemia,folate_deficiency
P000763,32,F,114.2,4.06,36.5,90.0,28.1,318.6,18.1,240,4.25,0.7,11.6,9.4,3.42,70.7,61.3,13.3,4.02,,188,33.8,0.377,36.4,,,,,3.2,2,,,2.06,42.7,,17.6,1.15,1,1,1,0,0,0,0,1,mixed_deficiency,iron_B12
P000764,60,M,104.2,3.56,31.1,87.2,29.3,331.2,14.8,279,6.42,,93.2,,,,,,,30.9,486,,,9.5,12.4,,,,,,88,81,,43.9,294,,,1,0,0,0,0,0,0,0,anemia_other,undetermined
P000765,70,F,142.6,5.56,45.3,81.2,25.7,314.5,15.5,215,7.96,,7.6,,,,,,,29.4,,,,,,,,,1.0,,86,81,,,,,,0,1,0,0,0,0,0,0,latent_deficiency,iron_deficiency
P000766,59,F,117.3,4.32,34.7,81.2,27.2,333.9,15.7,338,7.95,0.9,248.1,8.4,2.19,54.2,45.8,15.5,1.8,27.6,,,0.215,,,,,,37.9,47,49,125,2.83,30.6,,4.8,1.86,1,0,0,0,0,0,1,0,inflammation_anemia,inflammation
P000767,91,M,135.7,4.51,42.8,94.7,30.1,317.8,12.5,378,7.85,,,,,,,,,,172,,,31.7,,,,,5.6,22,76,79,,,,,,0,0,1,0,0,0,0,0,B12_deficiency_no_anemia,B12_deficiency
P000768,75,M,133.9,4.31,40.0,92.6,31.1,333.6,14.8,283,5.75,,155.5,,,,,,1.84,30.7,280,,,19.5,,,,,0.6,,,,2.35,,,,,0,0,1,0,0,0,0,0,B12_deficiency_no_anemia,B12_deficiency
P000769,71,M,107.8,3.82,32.5,85.4,28.3,333.9,14.8,347,3.93,1.6,168.3,21.8,2.86,60.6,38.8,36.0,1.49,32.0,,,,,,31.4,,0.2,0.9,8,,,1.23,39.4,,,,1,0,0,0,0,0,0,0,anemia_other,undetermined
P000770,87,M,137.1,4.5,40.6,91.0,30.5,337.7,13.5,282,7.79,,44.3,27.8,2.62,72.5,44.7,38.3,,,,,0.136,,5.5,,,,0.9,,109,69,,,,,,0,0,0,0,0,0,0,0,no_anemia_no_deficiency,none
P000771,64,F,128.0,5.02,39.6,79.6,25.5,323.2,14.1,295,5.57,1.8,118.4,17.5,1.92,65.2,47.7,26.8,1.34,,575,,0.24,,15.2,,,,,,,,,43.4,,,,0,0,0,0,1,0,0,0,B6_deficiency,B6_deficiency
P000772,69,F,77.1,2.86,25.3,88.3,27.0,308.4,16.9,281,10.25,1.3,8.4,7.9,2.62,78.5,70.6,10.1,2.77,,252,,0.213,,1.9,,,0.27,1.6,10,74,94,1.49,,,14.7,,1,1,0,1,0,0,0,1,mixed_deficiency,iron_folate
P000773,55,F,145.2,4.72,42.9,90.6,30.8,340.4,12.7,212,4.71,1.0,56.3,,,,,,1.66,,950,,,,,,,,,,71,98,,44.2,,,0.81,0,0,0,0,0,0,0,0,no_anemia_no_deficiency,none
P000774,53,F,91.2,2.49,28.6,113.8,36.6,316.0,17.2,209,6.94,,42.0,,,,,,,,,95.0,,,,,,,0.9,5,70,113,,45.7,,,1.64,1,0,0,1,0,0,0,0,folate_deficiency_anemia,folate_deficiency
P000775,81,F,104.7,4.53,31.7,69.4,23.1,335.0,23.0,399,5.51,1.2,4.0,7.4,3.26,88.9,81.5,8.3,,,428,,0.165,8.5,8.5,,17.4,,,9,81,79,0.46,40.0,236,,,1,1,0,0,0,0,0,0,iron_deficiency_anemia,iron_deficiency
P000776,86,F,134.0,4.42,39.8,90.0,30.3,339.0,13.8,230,5.06,,,,,,,,1.58,,,97.6,,14.3,4.1,,,,,15,,,,43.5,,,,0,0,0,0,0,0,0,0,no_anemia_no_deficiency,none
P000777,89,F,134.6,4.33,40.2,93.7,31.1,333.4,13.5,186,3.36,,,26.4,3.05,72.5,46.1,36.4,1.35,,185,23.7,0.864,,,,,,,12,,,3.75,37.0,,12.2,,0,0,1,0,0,0,0,0,B12_deficiency_no_anemia,B12_deficiency
P000778,50,F,151.6,4.78,43.1,90.1,31.7,355.1,15.1,257,4.89,,152.6,19.6,2.74,73.1,53.5,26.8,,,,,0.228,,3.9,,,,2.5,5,58,124,0.58,43.8,,,,0,0,0,0,0,0,0,0,no_anemia_no_deficiency,none
P000779,88,F,100.5,3.34,32.2,96.2,30.1,314.6,13.2,148,7.04,,194.5,,,,,,,,211,,,10.2,5.0,,,,1.1,16,80,70,1.71,45.1,,,,1,0,0,0,0,0,0,0,anemia_other,undetermined
P000780,26,F,126.8,4.88,40.7,83.0,26.0,313.7,16.3,328,5.9,1.8,10.5,5.5,3.69,83.1,77.6,6.6,,,,,,,,,,,,9,67,107,1.64,,153,,,0,1,0,0,0,0,0,0,latent_deficiency,iron_deficiency
P000781,51,F,95.6,3.43,30.6,89.9,27.9,308.6,,182,5.28,0.8,18.6,7.1,3.2,75.2,68.1,9.4,3.73,28.1,564,,,,,,,,4.1,18,70,105,7.38,44.8,,11.8,0.81,1,1,0,1,0,0,0,1,mixed_deficiency,iron_folate
P000782,71,F,133.6,4.63,40.4,86.4,28.9,331.1,13.5,369,6.04,,26.5,6.9,2.66,62.6,55.7,11.0,3.68,24.5,235,,,10.9,,,,0.23,,,64,102,0.65,43.7,,5.7,,0,1,0,0,0,0,0,0,latent_deficiency,iron_deficiency
P000783,69,M,140.1,5.44,44.7,83.1,25.8,319.4,16.1,366,7.45,,11.7,6.4,3.11,79.2,72.8,8.1,,26.0,,,0.243,,11.5,,,,1.4,,,,6.14,,,,1.01,0,1,0,0,0,0,0,0,latent_deficiency,iron_deficiency
P000784,69,F,104.4,3.65,32.6,88.0,28.6,326.1,15.5,117,4.39,,51.0,,,,,,,33.6,432,,,28.0,3.6,30.3,,,3.7,,,,2.64,43.3,157,7.9,,1,0,0,1,0,0,0,0,folate_deficiency_anemia,folate_deficiency
P000785,47,F,124.5,3.82,36.1,94.8,32.6,347.1,,309,7.04,,173.5,17.3,3.17,77.9,60.6,22.2,1.58,31.1,,71.7,0.122,,2.2,,,,,,76,103,,,172,,,0,0,0,1,0,0,0,0,folate_deficiency_no_anemia,folate_deficiency
P000786,82,F,142.5,5.61,46.8,83.7,25.4,305.2,16.9,321,7.61,,13.2,8.1,3.8,86.0,77.9,9.4,,,,,,,,,,,4.8,,83,80,,,,3.3,,0,1,0,0,0,0,0,0,latent_deficiency,iron_deficiency
P000787,83,M,115.6,3.13,35.1,111.6,37.0,328.3,13.1,184,2.32,,192.5,17.0,2.1,60.9,43.9,27.9,,,127,,0.58,17.1,6.2,,12.8,,,,,,2.02,,309,,0.61,1,0,1,0,0,0,0,0,B12_deficiency_anemia,B12_deficiency
P000788,48,F,106.9,3.27,30.8,94.6,32.7,344.2,18.5,220,2.83,1.7,252.7,21.0,2.6,61.2,40.2,34.3,,,191,,0.324,,2.9,,,,,17,89,102,0.38,42.8,,,0.21,1,0,1,1,0,0,0,1,mixed_deficiency,B12_folate
P000789,41,F,135.5,4.38,41.7,95.0,30.9,330.7,14.8,177,7.47,,226.7,23.8,2.58,76.4,52.6,31.2,,,167,30.9,,,,,,,1.1,,69,116,,41.5,200,,,0,0,1,0,0,0,0,0,B12_deficiency_no_anemia,B12_deficiency
P000790,48,M,146.8,5.13,44.3,86.4,28.6,329.7,15.2,309,4.94,1.7,41.8,7.3,2.96,62.5,55.2,11.7,,24.4,227,72.1,0.228,,3.3,68.8,18.6,,6.1,,93,81,0.84,39.3,,,,0,1,0,0,0,0,0,0,latent_deficiency,iron_deficiency
P000791,67,M,153.4,5.84,49.5,84.7,26.3,306.7,16.7,200,5.51,,6.4,11.9,3.62,94.7,82.8,12.6,,,603,,,14.0,14.4,84.3,,,1.4,,,,2.44,,,,,0,1,0,0,0,0,0,0,latent_deficiency,iron_deficiency
P000792,72,M,96.4,2.73,30.9,113.7,35.3,315.5,14.7,119,6.82,0.9,,20.5,2.79,58.9,38.4,34.8,,,156,,,,1.5,76.5,,0.22,0.6,11,,,3.37,43.0,389,32.4,,1,0,1,1,0,0,0,1,mixed_deficiency,B12_folate
P000793,86,M,89.2,2.27,27.0,119.1,39.4,329.6,18.6,231,4.36,,,13.0,3.31,58.8,45.8,22.1,,,123,,,,2.3,90.2,,,1.2,,,,2.38,45.9,,,0.79,1,0,1,1,0,0,0,1,mixed_deficiency,B12_folate
P000794,72,M,103.5,3.12,30.9,99.0,33.1,336.8,15.4,152,5.59,,29.1,21.3,2.11,74.7,53.4,28.5,,,850,,,,2.3,,,,,,83,84,1.47,44.2,175,,,1,0,0,1,0,0,0,0,folate_deficiency_anemia,folate_deficiency
P000795,64,M,155.9,4.96,45.5,91.8,31.4,342.3,15.0,289,9.03,,18.0,14.3,2.65,92.8,78.5,15.4,3.35,24.4,,,,9.5,,,,,,,,,,,,,,0,1,0,0,0,0,0,0,latent_deficiency,iron_deficiency
P000796,74,F,96.5,2.56,30.3,118.5,37.8,324.8,14.0,143,4.34,,55.2,23.7,2.51,70.7,47.0,33.5,,,,39.5,,30.0,1.6,,20.5,,1.0,,75,88,0.84,,284,10.9,,1,0,0,1,0,0,0,0,folate_deficiency_anemia,folate_deficiency
P000797,81,F,71.6,3.52,24.9,70.7,20.3,285.1,17.5,287,7.0,,6.1,,,,,,4.57,,,,,11.0,8.2,,,,,17,69,88,1.42,39.7,,13.3,1.6,1,1,0,0,0,0,0,0,iron_deficiency_anemia,iron_deficiency
P000798,85,M,99.7,4.13,32.6,79.4,24.2,306.3,12.2,235,9.79,,230.0,11.7,2.24,60.5,48.8,19.3,,,265,116.3,0.163,8.8,9.8,,,,43.0,52,,,,37.8,,12.6,,1,0,0,0,0,0,1,0,inflammation_anemia,inflammation
P000799,67,F,89.0,3.09,26.8,86.8,28.9,325.5,19.2,286,6.42,,12.9,10.2,3.65,91.4,81.2,11.2,,,451,,,,1.5,,,,,2,83,70,,43.0,,,,1,1,0,1,0,0,0,1,mixed_deficiency,iron_folate
P000800,65,F,104.2,2.91,31.1,107.5,35.8,331.2,16.9,204,7.05,,24.0,,,,,,1.53,,505,,,,2.7,,,,12.2,23,96,79,2.06,,,9.1,,1,0,0,1,0,0,0,0,folate_deficiency_anemia,folate_deficiency
P000801,23,F,109.5,3.48,31.3,90.0,31.5,345.0,16.4,155,5.13,,30.3,9.9,2.68,85.4,75.5,11.6,,,453,,,,13.0,25.2,,,,,78,87,1.21,,,,1.61,1,1,0,0,0,0,0,0,iron_deficiency_anemia,iron_deficiency
P000802,51,F,137.6,4.98,39.5,79.2,27.6,345.4,12.4,190,7.23,1.7,44.4,,,,,,,30.4,,,,,4.9,,,,3.8,,,,,40.3,,7.0,,0,0,0,0,0,0,0,0,no_anemia_no_deficiency,none
P000803,81,F,83.1,2.51,24.8,99.0,33.0,330.1,16.1,169,7.16,,145.2,,,,,,,31.4,183,,0.518,,14.4,,,,3.6,5,,,,41.0,348,,0.4,1,0,1,0,0,0,0,0,B12_deficiency_anemia,B12_deficiency
P000804,47,F,147.8,5.4,43.1,80.8,27.4,342.4,13.9,370,4.55,1.8,,,,,,,,32.8,581,,,,,,,,,,59,125,2.14,44.2,,,,0,0,0,0,0,0,0,0,no_anemia_no_deficiency,none
P000805,87,F,97.6,3.19,28.9,90.2,30.6,338.6,19.9,213,5.53,1.2,15.8,10.1,3.19,86.9,76.8,11.6,,26.4,185,,,,5.6,,,,1.8,7,91,75,,40.2,,13.9,,1,1,1,0,0,0,0,1,mixed_deficiency,iron_B12
P000806,67,F,115.5,3.47,34.8,100.5,33.3,331.5,24.6,196,6.91,,32.5,13.3,3.49,70.3,57.0,18.9,,,238,36.8,0.564,25.7,12.1,,,0.32,,20,65,103,,42.1,357,19.3,1.25,1,1,1,0,0,0,0,1,mixed_deficiency,iron_B12
P000807,71,M,118.6,4.01,36.1,89.9,29.6,324.4,13.3,357,8.74,0.7,,,,,,,,,264,,0.104,10.3,14.1,,,,1.0,,91,70,1.45,37.2,244,14.1,,1,0,0,0,0,0,0,0,anemia_other,undetermined
P000808,78,M,90.5,2.72,27.7,102.3,33.3,325.4,14.5,258,5.93,1.0,54.2,28.3,2.14,72.3,44.0,39.1,,,,,,,,22.9,,,,2,,,1.67,44.5,385,21.9,0.64,1,0,1,0,0,0,0,0,B12_deficiency_anemia,B12_deficiency
P000809,64,M,125.7,4.83,39.4,81.5,26.0,321.1,14.8,413,8.71,1.6,403.9,5.3,2.52,55.0,49.7,9.6,1.18,,,,0.145,,6.0,,,,117.2,,94,78,1.91,35.9,182,9.9,1.23,1,0,0,0,0,0,1,0,inflammation_anemia,inflammation
P000810,76,M,111.3,4.57,33.2,73.6,24.4,335.0,18.4,299,6.4,1.4,9.4,,,,,,4.08,,,,,,11.1,,,,0.7,,87,78,,,,,,1,1,0,0,0,0,0,0,iron_deficiency_anemia,iron_deficiency
P000811,45,F,132.3,4.26,40.5,96.1,31.0,326.9,14.8,280,5.6,,,,,,,,,,184,,,,4.7,,,,,,,,,41.2,,13.7,,0,0,1,0,0,0,0,0,B12_deficiency_no_anemia,B12_deficiency
P000812,89,F,96.9,3.61,30.4,84.0,26.9,324.1,18.5,245,5.87,,20.0,9.0,2.58,68.7,59.7,13.1,,,232,34.1,0.689,28.9,,88.8,22.7,,1.5,14,,,,,311,13.8,,1,1,1,0,0,0,0,1,mixed_deficiency,iron_B12
P000813,78,F,92.2,2.62,29.1,112.7,35.2,316.5,20.0,294,4.15,1.3,,14.0,2.36,70.7,56.7,19.8,,,85,,,,,,,,1.9,17,,,2.33,42.1,325,16.4,0.67,1,0,1,0,0,0,0,0,B12_deficiency_anemia,B12_deficiency
P000814,31,F,107.7,3.0,34.4,115.6,35.9,315.7,13.3,273,3.68,1.5,152.7,14.2,2.58,64.1,49.9,22.2,,,165,26.6,,,,,,,3.0,10,80,112,,35.9,594,,0.93,1,0,1,0,0,0,0,0,B12_deficiency_anemia,B12_deficiency
P000815,68,F,91.8,2.72,27.6,101.5,33.7,330.5,15.1,148,6.63,0.5,60.4,14.7,2.03,52.2,37.5,28.2,,,261,63.4,0.126,16.1,2.7,68.1,,,,15,,,,43.2,,13.4,2.07,1,0,0,1,0,0,0,0,folate_deficiency_anemia,folate_deficiency
P000816,80,M,120.4,4.21,36.2,85.8,28.6,325.0,15.7,187,6.58,0.6,49.2,24.1,2.62,72.7,48.6,33.1,1.82,,950,,,,,,,,0.7,7,138,19,2.7,,261,,1.55,1,0,0,0,0,0,0,0,anemia_other,undetermined
P000817,41,M,122.7,4.35,37.5,86.1,28.2,326.0,12.8,336,9.37,,149.3,,,,,,,,532,,,,5.7,,,,24.1,33,82,97,2.88,,,14.8,,1,0,0,0,0,0,1,0,inflammation_anemia,inflammation
P000818,67,F,109.0,2.69,33.5,123.4,40.5,325.1,19.9,280,5.02,1.1,35.3,,,,,,,,146,,,,,78.3,,0.31,1.6,13,82,85,1.85,,,29.4,0.9,1,0,1,0,0,0,0,0,B12_deficiency_anemia,B12_deficiency
P000819,44,M,102.8,3.78,32.3,84.7,27.2,318.7,14.6,263,5.1,,148.9,22.9,2.38,60.7,37.8,37.7,,,,,0.174,,12.1,,,,,8,,,1.87,,277,,1.58,1,0,0,0,0,0,0,0,anemia_other,undetermined
P000820,48,M,143.9,5.69,45.2,78.4,25.3,314.0,15.2,259,7.46,,13.5,,,,,,,,950,,,,,,,,2.1,,72,111,,40.6,,,,0,1,0,0,0,0,0,0,latent_deficiency,iron_deficiency
P000821,58,F,102.7,4.12,33.2,81.9,25.0,311.4,13.1,331,5.22,,,20.7,3.3,79.7,59.0,26.0,1.66,,,,,,7.7,23.8,,0.45,,6,65,102,,,,7.8,,1,0,0,0,1,0,0,0,B6_deficiency,B6_deficiency
P000822,59,F,133.9,4.67,39.5,83.5,28.6,338.1,14.3,166,3.83,,34.7,,,,,,3.86,,497,107.6,0.229,,,,,,1.1,,,,,39.3,,,,0,1,0,0,0,0,0,0,latent_deficiency,iron_deficiency
P000823,37,F,127.0,3.79,39.2,103.5,33.5,323.7,13.6,309,4.49,,,,,,,,1.8,,115,11.3,0.444,28.6,,84.5,,,,18,62,114,2.18,43.0,,,,0,0,1,0,0,0,0,0,B12_deficiency_no_anemia,B12_deficiency
P000824,84,M,89.3,3.36,28.7,85.5,26.6,314.8,15.7,419,7.81,1.8,64.3,,,,,,1.01,31.9,312,120.7,0.463,10.2,4.1,55.2,,,,,106,18,,38.2,206,,1.4,1,0,0,0,0,0,0,0,anemia_other,undetermined
P000825,79,F,100.9,4.11,31.9,77.8,24.5,313.9,13.5,302,5.67,,40.8,24.4,2.48,76.0,51.6,32.1,,,,93.7,,,4.2,,15.5,,3.2,11,46,122,,,135,7.1,,1,0,0,0,0,0,0,0,anemia_other,undetermined
P000826,89,F,93.8,3.37,30.8,90.4,27.8,307.6,15.8,297,10.3,,,6.5,1.96,45.5,39.0,14.3,,,293,,,8.6,,,,,59.3,68,101,61,,,,,1.08,1,0,0,0,0,0,1,0,inflammation_anemia,inflammation
P000827,84,M,116.6,4.09,36.3,88.9,28.5,320.7,14.4,362,4.72,0.9,,,,,,,,,339,,,,11.9,,,0.23,180.0,113,,,,,,,,1,0,0,0,0,0,1,0,inflammation_anemia,inflammation
P000828,52,F,91.7,3.52,28.3,81.4,26.0,330.8,13.9,269,7.44,,231.7,,,,,,,,497,,,10.6,4.0,,23.6,,43.4,13,,,,28.3,226,,,1,0,0,0,0,0,1,0,inflammation_anemia,inflammation
P000829,20,F,97.3,3.92,30.7,77.9,24.8,315.0,16.7,223,6.31,0.9,17.2,8.6,3.18,81.9,73.3,10.5,,,,42.5,,,,,,,,,,,,,144,13.4,1.77,1,1,0,0,0,0,0,0,iron_deficiency_anemia,iron_deficiency
P000830,37,F,86.3,3.0,27.2,90.3,28.8,313.4,23.2,233,3.95,1.1,22.5,4.9,2.63,68.5,63.6,7.2,,,,,,,,,,,,,,,2.77,47.1,,6.6,1.04,1,1,0,1,0,0,0,1,mixed_deficiency,iron_folate
P000831,81,F,89.8,3.23,26.9,83.8,27.8,335.1,13.4,320,5.75,1.5,,28.4,2.59,76.1,47.7,37.3,,,,73.0,,,,,,0.42,,,169,21,,42.6,,10.7,1.95,1,0,0,0,0,0,0,0,anemia_other,undetermined
P000832,62,F,88.9,3.35,26.6,79.3,26.5,338.7,12.5,291,5.41,,,22.4,3.26,68.3,45.9,32.8,1.07,,424,,0.245,,11.5,54.4,19.3,,,,99,84,,42.3,,5.3,,1,0,0,0,0,0,0,0,anemia_other,undetermined
P000833,44,M,116.2,5.93,39.1,65.7,19.6,299.2,28.9,202,9.64,,9.6,9.6,3.37,86.0,76.4,11.2,,,,,0.189,,,,,0.31,,,,,1.54,47.6,,4.1,,1,1,0,0,0,0,0,0,iron_deficiency_anemia,iron_deficiency
P000834,35,F,142.1,4.63,42.8,91.7,30.7,329.4,15.2,217,6.41,1.5,62.6,18.4,2.56,67.2,48.8,27.4,,,,,0.258,,,,,0.37,,7,81,97,1.82,49.7,,,,0,0,0,0,0,0,0,0,no_anemia_no_deficiency,none
P000835,47,F,134.1,3.82,42.5,110.5,35.1,319.0,12.5,283,5.64,0.4,,18.4,1.93,68.3,49.9,26.9,,27.8,84,,0.462,,,49.8,,,6.0,,,,,38.5,,,,0,0,1,0,0,0,0,0,B12_deficiency_no_anemia,B12_deficiency
P000836,70,M,125.0,4.46,37.9,85.2,28.0,326.4,14.7,242,3.44,,18.0,10.0,2.58,85.1,75.1,11.8,,22.7,304,53.5,,,,,,0.26,2.5,8,,,3.41,,279,12.7,,1,1,0,0,0,0,0,0,iron_deficiency_anemia,iron_deficiency
P000837,29,F,104.6,3.36,31.8,93.5,31.2,329.1,12.4,274,8.86,0.6,,21.2,3.08,68.7,47.5,30.9,1.48,,389,,,,,,,0.26,,2,58,125,1.74,,275,,,1,0,0,0,0,0,0,0,anemia_other,undetermined
P000838,47,F,130.3,5.23,42.3,81.3,24.9,308.3,15.0,324,6.97,,11.2,,,,,,,,290,,0.254,10.5,15.9,,,,2.8,16,71,106,1.79,42.2,,12.2,,0,1,0,0,0,0,0,0,latent_deficiency,iron_deficiency
P000839,61,M,116.7,4.4,36.9,83.6,26.6,317.5,17.3,258,4.41,,58.8,12.2,2.15,55.8,43.6,21.9,1.88,,,,,19.3,8.2,,,0.21,11.4,,79,89,1.64,37.2,,,,1,0,1,0,0,0,0,0,B12_deficiency_anemia,B12_deficiency
P000840,82,F,114.8,3.95,35.5,90.4,29.1,323.4,12.9,343,8.68,0.5,306.3,5.5,2.33,31.1,25.6,17.7,,26.6,676,,,,,,,,143.0,76,,,,33.6,118,,,1,0,0,0,0,0,1,0,inflammation_anemia,inflammation
